filename,type,x,y,width,height,classe
image-0.jpg,train,15,19,225,235,velo_personne_casque
image-2.jpg,train,3,76,251,160,velo_personne_casque
image-3.jpg,train,125,12,93,209,velo_personne_casque
image-4.jpg,train,1,43,253,213,velo_personne
image-5.jpg,train,12,79,99,169,velo_personne
image-6.jpg,train,43,1,206,255,velo_personne_casque
image-7.jpg,train,79,22,76,211,velo_personne
image-7.jpg,train,199,43,55,169,velo_personne
image-9.jpg,train,15,43,195,192,velo_personne
image-10.jpg,train,1,40,254,206,velo_personne
image-11.jpg,train,1,63,195,193,velo_personne
image-13.jpg,train,0,39,73,130,velo_personne
image-13.jpg,train,115,45,43,112,velo_personne
image-15.jpg,train,115,42,44,99,velo_personne
image-15.jpg,train,125,131,46,116,velo_personne
image-16.jpg,train,11,20,83,229,velo_personne
image-16.jpg,train,119,20,100,205,velo_personne
image-17.jpg,train,99,43,151,194,velo_personne
image-20.jpg,train,12,28,137,221,velo_personne
image-23.jpg,train,39,27,209,217,velo_personne
image-25.jpg,train,188,93,65,148,velo_personne_casque
image-26.jpg,train,42,3,172,252,velo_personne
image-27.jpg,train,3,29,54,85,velo_personne_casque
image-27.jpg,train,39,10,46,83,velo_personne_casque
image-27.jpg,train,90,35,59,91,velo_personne_casque
image-27.jpg,train,147,69,67,99,velo_personne
image-27.jpg,train,112,139,87,113,velo_personne_casque
image-28.jpg,train,14,88,110,123,velo_personne_casque
image-28.jpg,train,168,77,87,128,velo_personne_casque
image-29.jpg,train,95,45,140,161,velo_personne
image-30.jpg,train,1,20,171,201,velo_personne
image-30.jpg,train,87,25,167,228,velo_personne
image-31.jpg,train,1,101,101,115,velo_personne_casque
image-31.jpg,train,87,114,147,135,velo_personne_casque
image-31.jpg,train,122,100,133,127,velo_personne_casque
image-32.jpg,train,66,2,109,253,velo_personne_casque
image-33.jpg,train,57,48,139,149,velo_personne_casque
image-35.jpg,train,77,108,50,127,velo_personne
image-35.jpg,train,207,110,43,119,velo_personne_casque
image-35.jpg,train,156,141,22,60,velo_personne
image-36.jpg,train,45,32,105,208,velo_personne_casque
image-36.jpg,train,167,25,87,202,velo_personne
image-38.jpg,train,32,123,41,97,velo_personne_casque
image-38.jpg,train,135,91,53,125,velo_personne
image-39.jpg,train,128,53,43,154,velo_personne_casque
image-40.jpg,train,99,6,108,251,velo_personne_casque
image-40.jpg,train,35,139,44,106,velo_personne_casque
image-41.jpg,train,29,44,119,177,velo_personne_casque
image-41.jpg,train,138,33,79,119,velo_personne_casque
image-41.jpg,train,179,56,77,172,velo_personne_casque
image-41.jpg,train,206,1,48,97,velo_personne_casque
image-42.jpg,train,31,19,221,223,velo_personne
image-44.jpg,train,129,85,70,133,velo_personne_casque
image-45.jpg,train,35,153,61,95,velo_personne_casque
image-46.jpg,train,9,15,105,240,velo_personne_casque
image-48.jpg,train,28,48,117,164,velo_personne
image-50.jpg,train,118,57,52,163,velo_personne_casque
image-51.jpg,train,69,15,89,225,velo_personne_casque
image-52.jpg,train,16,65,149,162,velo_personne_casque
image-53.jpg,train,126,69,61,129,velo_personne_casque
image-55.jpg,train,47,60,175,175,velo_personne
image-58.jpg,train,1,21,157,197,velo_personne
image-59.jpg,train,166,49,73,202,velo_personne_casque
image-60.jpg,train,1,39,169,189,velo_personne_casque
image-62.jpg,train,89,33,67,219,velo_personne
image-62.jpg,train,178,55,68,199,velo_personne
image-63.jpg,train,26,19,74,176,velo_personne_casque
image-63.jpg,train,164,17,82,173,velo_personne_casque
image-65.jpg,train,24,89,28,71,velo_personne_casque
image-65.jpg,train,103,88,51,66,velo_personne_casque
image-65.jpg,train,31,175,56,71,velo_personne_casque
image-66.jpg,train,62,57,120,198,velo_personne_casque
image-67.jpg,train,157,10,69,215,velo_personne
image-68.jpg,train,149,6,102,249,velo_personne
image-69.jpg,train,53,57,201,164,velo_personne
image-70.jpg,train,54,75,88,177,velo_personne
image-73.jpg,train,151,53,55,115,velo_personne_casque
image-75.jpg,train,63,29,192,192,velo_personne_casque
image-76.jpg,train,57,30,199,219,velo_personne_casque
image-77.jpg,train,39,94,55,102,velo_personne
image-77.jpg,train,79,89,39,85,velo_personne
image-77.jpg,train,117,87,60,89,velo_personne
image-77.jpg,train,181,89,33,80,velo_personne
image-77.jpg,train,217,89,32,77,velo_personne
image-78.jpg,train,2,8,123,229,velo_personne
image-79.jpg,train,153,35,95,83,velo_personne
image-80.jpg,train,86,69,77,187,velo_personne_casque
image-80.jpg,train,1,70,56,154,velo_personne_casque
image-81.jpg,train,164,71,77,173,velo_personne
image-81.jpg,train,61,69,50,133,velo_personne
image-81.jpg,train,14,71,39,104,velo_personne
image-81.jpg,train,90,64,39,115,velo_personne
image-82.jpg,train,85,33,119,221,velo_personne
image-83.jpg,train,13,19,57,187,velo_personne
image-83.jpg,train,161,25,69,199,velo_personne_casque
image-84.jpg,train,107,91,62,155,velo_personne_casque
image-85.jpg,train,94,23,93,229,velo_personne
image-86.jpg,train,1,85,100,161,velo_personne_casque
image-86.jpg,train,25,100,125,116,velo_personne
image-86.jpg,train,170,96,85,120,velo_personne
image-87.jpg,train,1,125,96,95,velo_personne_casque
image-87.jpg,train,99,23,136,209,velo_personne_casque
image-89.jpg,train,19,44,124,212,velo_personne_casque
image-89.jpg,train,133,29,93,227,velo_personne_casque
image-91.jpg,train,9,95,145,149,velo_personne_casque
image-92.jpg,train,141,7,83,221,velo_personne
image-93.jpg,train,91,59,161,188,velo_personne_casque
image-94.jpg,train,9,7,86,197,velo_personne
image-94.jpg,train,104,41,28,64,velo_personne
image-95.jpg,train,133,35,78,199,velo_personne_casque
image-98.jpg,train,86,28,169,224,velo_personne_casque
image-99.jpg,train,32,55,77,182,velo_personne
image-99.jpg,train,130,63,73,173,velo_personne
image-99.jpg,train,191,81,53,145,velo_personne
image-102.jpg,train,18,45,35,91,velo_personne
image-105.jpg,train,27,89,24,49,velo_personne
image-106.jpg,train,195,133,37,42,velo
image-107.jpg,train,97,91,56,164,velo
image-108.jpg,train,183,18,57,111,velo_personne
image-109.jpg,train,145,131,36,91,velo_personne
image-110.jpg,train,166,20,57,139,velo_personne_casque
image-111.jpg,train,1,63,233,159,velo_personne_casque
image-112.jpg,train,138,10,117,103,velo
image-114.jpg,train,120,131,69,82,velo_personne
image-118.jpg,train,46,125,89,84,velo
image-121.jpg,train,52,17,99,187,velo
image-122.jpg,train,26,72,45,39,velo
image-122.jpg,train,95,74,54,45,velo
image-122.jpg,train,154,84,49,41,velo
image-124.jpg,train,83,31,45,95,velo_personne_casque
image-126.jpg,train,43,129,46,48,velo_personne
image-129.jpg,train,119,89,89,91,velo_personne_casque
image-130.jpg,train,107,109,80,69,velo
image-138.jpg,train,133,75,43,79,velo_personne
image-140.jpg,train,159,85,35,81,velo_personne_casque
image-141.jpg,train,62,23,59,116,velo_personne
image-142.jpg,train,23,138,60,96,velo_personne
image-142.jpg,train,97,144,47,104,velo_personne
image-143.jpg,train,95,48,50,41,velo
image-145.jpg,train,19,120,34,27,velo
image-145.jpg,train,67,126,43,22,velo
image-145.jpg,train,161,127,40,27,velo
image-147.jpg,train,129,86,43,33,velo
image-147.jpg,train,12,88,47,27,velo
image-147.jpg,train,34,62,130,178,velo_personne
image-148.jpg,train,224,123,26,23,velo
image-148.jpg,train,27,153,46,28,velo
image-148.jpg,train,163,134,26,24,velo
image-148.jpg,train,88,148,41,23,velo
image-149.jpg,train,30,90,34,38,velo
image-149.jpg,train,70,106,47,37,velo
image-149.jpg,train,186,138,64,50,velo
image-149.jpg,train,135,124,46,44,velo
image-150.jpg,train,173,58,80,66,velo
image-150.jpg,train,20,89,99,123,velo_personne
image-150.jpg,train,4,20,67,60,velo
image-153.jpg,train,2,139,84,107,velo_personne
image-154.jpg,train,86,69,110,131,velo_personne
image-156.jpg,train,197,19,54,86,velo_personne_casque
image-157.jpg,train,203,73,52,100,velo_personne_casque
image-157.jpg,train,121,60,22,26,velo
image-157.jpg,train,80,77,23,30,velo
image-157.jpg,train,2,105,42,44,velo
image-159.jpg,train,108,74,61,81,velo_personne
image-161.jpg,train,124,87,56,73,velo_personne
image-163.jpg,train,78,58,22,27,velo
image-164.jpg,train,119,101,34,67,velo
image-166.jpg,train,79,83,122,80,velo
image-166.jpg,train,69,95,108,78,velo
image-170.jpg,train,88,104,133,79,velo
image-170.jpg,train,47,131,174,123,velo
image-178.jpg,train,136,70,28,45,velo_personne_casque
image-179.jpg,train,37,52,15,27,velo_personne_casque
image-180.jpg,train,99,93,25,66,velo_personne_casque
image-181.jpg,train,11,133,17,39,velo_personne_casque
image-182.jpg,train,157,5,34,49,velo_personne_casque
image-183.jpg,train,2,69,73,120,velo_personne_casque
image-184.jpg,train,4,204,28,49,velo_personne
image-184.jpg,train,173,165,24,35,velo_personne
image-184.jpg,train,203,162,21,32,velo_personne
image-185.jpg,train,187,134,20,36,velo_personne
image-185.jpg,train,217,130,18,30,velo_personne
image-186.jpg,train,65,132,102,120,velo_personne
image-187.jpg,train,15,142,93,109,velo_personne
image-187.jpg,train,150,145,43,101,velo_personne
image-188.jpg,train,70,29,147,150,velo_personne
image-189.jpg,train,27,68,123,89,velo
image-190.jpg,train,89,83,22,70,velo_personne
image-191.jpg,train,9,28,35,46,velo_personne
image-192.jpg,train,85,113,29,71,velo_personne
image-194.jpg,train,140,161,30,33,velo
image-194.jpg,train,99,162,31,33,velo
image-194.jpg,train,57,159,31,38,velo
image-195.jpg,train,73,135,22,44,velo
image-196.jpg,train,166,55,69,127,velo
image-196.jpg,train,9,11,18,48,velo_personne_casque
image-196.jpg,train,34,17,16,22,velo
image-197.jpg,train,126,92,18,45,velo_personne_casque
image-199.jpg,train,169,102,79,92,velo
image-199.jpg,train,107,91,45,59,velo
image-201.jpg,train,191,135,44,22,velo
image-202.jpg,train,87,105,31,82,velo
image-204.jpg,train,143,115,33,54,velo
image-207.jpg,train,182,126,61,51,velo
image-209.jpg,train,41,78,79,127,velo
image-209.jpg,train,163,43,26,58,velo
image-210.jpg,train,133,83,115,173,velo
image-212.jpg,train,61,41,190,195,velo
image-214.jpg,train,45,185,77,55,velo
image-215.jpg,train,167,138,75,117,velo
image-215.jpg,train,88,53,23,52,velo_personne_casque
image-215.jpg,train,177,63,22,41,velo_personne
image-215.jpg,train,221,65,15,31,velo_personne
image-215.jpg,train,236,81,18,36,velo
image-216.jpg,train,58,103,77,111,velo_personne
image-216.jpg,train,119,115,75,140,velo_personne
image-219.jpg,train,78,9,177,189,velo_personne_casque
image-220.jpg,train,89,135,107,113,velo_personne
image-220.jpg,train,4,171,81,56,velo
image-222.jpg,train,13,33,41,55,velo_personne
image-223.jpg,train,49,133,47,68,velo_personne
image-223.jpg,train,217,131,25,28,velo_personne
image-224.jpg,train,89,128,46,51,velo_personne
image-224.jpg,train,197,127,15,28,velo_personne
image-225.jpg,train,168,90,58,61,velo_personne_casque
image-225.jpg,train,65,96,27,33,velo_personne
image-226.jpg,train,8,97,76,160,velo_personne_casque
image-227.jpg,train,26,170,59,61,velo_personne
image-229.jpg,train,17,124,43,49,velo_personne
image-229.jpg,train,40,128,46,48,velo_personne
image-231.jpg,train,4,4,123,76,velo
image-232.jpg,train,1,71,55,182,velo_personne_casque
image-232.jpg,train,155,65,35,41,velo_personne
image-232.jpg,train,125,71,20,51,velo_personne
image-233.jpg,train,60,148,45,76,velo_personne
image-233.jpg,train,102,133,39,85,velo_personne
image-236.jpg,train,57,176,75,52,velo
image-237.jpg,train,19,79,45,73,velo
image-237.jpg,train,67,69,89,79,velo
image-237.jpg,train,149,77,96,59,velo
image-238.jpg,train,108,96,58,132,velo_personne_casque
image-238.jpg,train,85,109,33,23,velo
image-239.jpg,train,3,44,64,149,velo_personne_casque
image-240.jpg,train,1,87,187,169,velo_personne
image-241.jpg,train,58,156,35,21,velo
image-245.jpg,train,184,78,47,103,velo_personne
image-246.jpg,train,150,110,91,137,velo_personne
image-246.jpg,train,109,111,41,81,velo_personne
image-247.jpg,train,124,116,38,101,velo_personne
image-250.jpg,train,163,95,39,51,velo_personne
image-251.jpg,train,76,184,74,72,velo_personne
image-252.jpg,train,39,91,54,117,velo_personne
image-253.jpg,train,138,41,117,190,velo_personne
image-253.jpg,train,79,39,43,100,velo_personne
image-255.jpg,train,56,170,66,63,velo_personne
image-257.jpg,train,194,74,35,68,velo_personne_casque
image-258.jpg,train,24,120,80,59,velo
image-260.jpg,train,87,46,64,101,velo_personne_casque
image-262.jpg,train,109,89,87,107,velo_personne_casque
image-265.jpg,train,37,55,82,82,velo_personne
image-266.jpg,train,61,30,72,225,velo_personne
image-266.jpg,train,160,21,93,237,velo_personne
image-267.jpg,train,111,91,49,57,velo_personne
image-267.jpg,train,150,82,95,125,velo_personne_casque
image-268.jpg,train,58,96,111,159,velo_personne_casque
image-268.jpg,train,165,119,89,81,velo_personne_casque
image-268.jpg,train,131,124,52,51,velo_personne
image-269.jpg,train,0,60,105,119,velo_personne_casque
image-269.jpg,train,145,54,110,135,velo_personne
image-270.jpg,train,35,46,68,177,velo_personne
image-270.jpg,train,214,39,29,80,velo_personne_casque
image-271.jpg,train,1,103,71,83,velo_personne_casque
image-271.jpg,train,80,99,71,114,velo_personne
image-271.jpg,train,159,102,95,147,velo_personne
image-272.jpg,train,6,35,68,219,velo_personne_casque
image-272.jpg,train,175,38,75,217,velo_personne
image-273.jpg,train,1,145,90,93,velo_personne
image-273.jpg,train,61,135,87,89,velo_personne
image-273.jpg,train,163,152,91,73,velo_personne_casque
image-274.jpg,train,54,32,74,219,velo_personne
image-274.jpg,train,153,48,67,200,velo_personne_casque
image-275.jpg,train,124,119,35,83,velo_personne
image-275.jpg,train,160,121,38,107,velo_personne_casque
image-275.jpg,train,207,119,27,71,velo_personne_casque
image-276.jpg,train,25,53,109,203,velo_personne_casque
image-276.jpg,train,113,1,76,228,velo_personne
image-277.jpg,train,134,37,68,188,velo_personne
image-277.jpg,train,54,58,67,167,velo_personne
image-277.jpg,train,105,91,34,109,velo_personne_casque
image-278.jpg,train,0,57,125,184,velo_personne
image-278.jpg,train,212,104,45,99,velo_personne
image-279.jpg,train,83,49,102,198,velo_personne
image-279.jpg,train,1,73,32,85,velo_personne_casque
image-280.jpg,train,53,51,109,147,velo_personne
image-280.jpg,train,166,13,85,184,velo_personne_casque
image-281.jpg,train,57,18,81,231,velo_personne_casque
image-281.jpg,train,191,37,45,137,velo_personne
image-282.jpg,train,0,71,113,119,velo_personne
image-282.jpg,train,186,72,69,98,velo_personne_casque
image-283.jpg,train,22,53,53,121,velo_personne
image-283.jpg,train,100,72,23,53,velo_personne_casque
image-283.jpg,train,147,55,36,81,velo_personne
image-284.jpg,train,59,137,66,99,velo_personne
image-284.jpg,train,106,132,64,97,velo_personne_casque
image-286.jpg,train,87,0,105,255,velo_personne
image-287.jpg,train,32,88,57,136,velo_personne_casque
image-287.jpg,train,125,95,68,125,velo_personne
image-288.jpg,train,6,87,73,165,velo_personne_casque
image-288.jpg,train,142,84,114,171,velo_personne
image-289.jpg,train,82,75,85,179,velo_personne_casque
image-289.jpg,train,179,8,53,154,velo_personne_casque
image-290.jpg,train,1,66,84,190,velo_personne_casque
image-290.jpg,train,194,86,60,146,velo_personne
image-291.jpg,train,77,83,59,167,velo_personne_casque
image-291.jpg,train,132,74,53,133,velo_personne
image-292.jpg,train,105,50,48,127,velo_personne_casque
image-292.jpg,train,1,53,72,200,velo_personne_casque
image-293.jpg,train,4,108,100,94,velo_personne
image-293.jpg,train,146,104,110,109,velo_personne
image-294.jpg,train,8,13,163,241,velo_personne_casque
image-295.jpg,train,161,30,72,215,velo_personne_casque
image-296.jpg,train,43,97,53,144,velo_personne_casque
image-296.jpg,train,103,91,69,155,velo_personne_casque
image-298.jpg,train,98,94,55,132,velo_personne_casque
image-298.jpg,train,188,90,44,146,velo_personne_casque
image-299.jpg,train,105,12,84,233,velo_personne_casque
image-300.jpg,train,3,35,248,219,velo_personne_casque
image-301.jpg,train,1,30,146,193,velo_personne_casque
image-301.jpg,train,123,32,131,177,velo_personne_casque
image-302.jpg,train,150,35,98,182,velo_personne_casque
image-302.jpg,train,1,20,92,195,velo_personne_casque
image-303.jpg,train,125,78,73,177,velo_personne_casque
image-303.jpg,train,16,78,69,177,velo_personne_casque
image-303.jpg,train,85,82,37,143,velo_personne_casque
image-304.jpg,train,68,52,126,175,velo_personne_casque
image-305.jpg,train,30,117,64,125,velo_personne_casque
image-305.jpg,train,108,99,57,116,velo_personne_casque
image-305.jpg,train,189,102,40,91,velo_personne_casque
image-306.jpg,train,2,34,93,220,velo_personne_casque
image-307.jpg,train,167,62,80,180,velo_personne_casque
image-308.jpg,train,81,94,169,161,velo_personne_casque
image-309.jpg,train,86,85,91,136,velo_personne_casque
image-309.jpg,train,6,115,95,134,velo_personne_casque
image-310.jpg,train,107,62,57,183,velo_personne_casque
image-311.jpg,train,46,13,133,214,velo_personne_casque
image-312.jpg,train,126,16,86,213,velo_personne_casque
image-312.jpg,train,27,40,72,191,velo_personne_casque
image-313.jpg,train,118,32,134,157,velo_personne_casque
image-313.jpg,train,1,28,121,164,velo_personne_casque
image-314.jpg,train,121,112,58,107,velo_personne_casque
image-314.jpg,train,59,106,56,99,velo_personne_casque
image-315.jpg,train,47,68,146,95,velo_personne_casque
image-316.jpg,train,45,23,77,201,velo_personne_casque
image-316.jpg,train,160,39,73,181,velo_personne_casque
image-317.jpg,train,129,17,120,223,velo_personne_casque
image-318.jpg,train,26,57,148,177,velo_personne_casque
image-319.jpg,train,107,6,118,244,velo_personne_casque
image-320.jpg,train,64,31,181,200,velo_personne_casque
image-321.jpg,train,17,45,155,161,velo_personne_casque
image-322.jpg,train,139,11,57,239,velo_personne_casque
image-323.jpg,train,135,53,66,162,velo_personne_casque
image-323.jpg,train,56,62,50,146,velo_personne_casque
image-324.jpg,train,18,25,217,226,velo_personne_casque
image-325.jpg,train,80,74,162,169,velo_personne_casque
image-326.jpg,train,175,23,80,232,velo_personne_casque
image-326.jpg,train,1,4,117,250,velo_personne_casque
image-327.jpg,train,45,100,41,103,velo_personne_casque
image-327.jpg,train,131,97,40,106,velo_personne_casque
image-327.jpg,train,209,15,46,213,velo_personne_casque
image-328.jpg,train,159,89,36,98,velo_personne_casque
image-328.jpg,train,83,62,56,156,velo_personne_casque
image-329.jpg,train,148,120,56,107,velo_personne_casque
image-330.jpg,train,141,20,107,217,velo_personne_casque
image-330.jpg,train,22,37,112,180,velo_personne_casque
image-331.jpg,train,67,20,185,190,velo_personne_casque
image-333.jpg,train,8,16,194,238,velo_personne_casque
image-334.jpg,train,37,2,204,252,velo_personne_casque
image-335.jpg,train,89,135,90,106,velo_personne_casque
image-336.jpg,train,169,14,76,241,velo_personne_casque
image-337.jpg,train,80,84,79,123,velo_personne_casque
image-337.jpg,train,203,91,51,115,velo_personne_casque
image-338.jpg,train,73,85,132,133,velo_personne_casque
image-339.jpg,train,2,46,125,208,velo_personne_casque
image-339.jpg,train,131,52,123,203,velo_personne_casque
image-341.jpg,train,66,37,100,217,velo_personne_casque
image-342.jpg,train,136,97,108,132,velo_personne_casque
image-343.jpg,train,195,129,55,125,velo_personne_casque
image-343.jpg,train,4,36,67,208,velo_personne_casque
image-344.jpg,train,129,18,88,232,velo_personne_casque
image-345.jpg,train,44,4,99,251,velo_personne_casque
image-346.jpg,train,2,113,71,140,velo_personne_casque
image-346.jpg,train,77,112,37,107,velo_personne_casque
image-346.jpg,train,143,103,40,116,velo_personne_casque
image-346.jpg,train,187,100,51,147,velo_personne_casque
image-347.jpg,train,89,51,167,205,velo_personne_casque
image-347.jpg,train,1,93,71,159,velo_personne_casque
image-348.jpg,train,10,32,225,222,velo_personne_casque
image-349.jpg,train,24,29,168,225,velo_personne_casque
image-350.jpg,train,137,37,79,181,velo_personne_casque
image-350.jpg,train,7,36,78,178,velo_personne_casque
image-351.jpg,train,15,9,231,235,velo_personne_casque
image-352.jpg,train,62,13,103,210,velo_personne_casque
image-353.jpg,train,121,73,85,110,velo_personne_casque
image-354.jpg,train,19,88,110,167,velo_personne_casque
image-354.jpg,train,102,98,105,129,velo_personne_casque
image-355.jpg,train,102,93,134,159,velo_personne_casque
image-356.jpg,train,160,85,73,141,velo_personne_casque
image-356.jpg,train,95,88,63,130,velo_personne_casque
image-356.jpg,train,39,87,48,123,velo_personne_casque
image-357.jpg,train,65,80,65,140,velo_personne_casque
image-357.jpg,train,146,4,107,238,velo_personne_casque
image-358.jpg,train,66,45,91,200,velo_personne_casque
image-359.jpg,train,5,106,45,115,velo_personne_casque
image-359.jpg,train,87,110,29,105,velo_personne_casque
image-359.jpg,train,113,75,54,158,velo_personne_casque
image-359.jpg,train,178,71,57,153,velo_personne_casque
image-360.jpg,train,125,4,128,228,velo_personne_casque
image-362.jpg,train,27,7,228,239,velo_personne_casque
image-363.jpg,train,137,79,74,176,velo_personne_casque
image-364.jpg,train,65,81,63,147,velo_personne_casque
image-365.jpg,train,123,125,61,124,velo_personne_casque
image-365.jpg,train,75,124,73,83,velo_personne_casque
image-365.jpg,train,211,122,40,85,velo_personne_casque
image-365.jpg,train,181,117,36,75,velo_personne_casque
image-366.jpg,train,45,36,71,216,velo_personne_casque
image-366.jpg,train,149,50,83,201,velo_personne_casque
image-367.jpg,train,79,44,173,179,velo_personne_casque
image-367.jpg,train,9,49,155,163,velo_personne_casque
image-368.jpg,train,82,57,117,198,velo_personne_casque
image-370.jpg,train,78,19,109,236,velo_personne_casque
image-371.jpg,train,1,4,165,253,velo_personne_casque
image-372.jpg,train,77,51,80,189,velo_personne_casque
image-373.jpg,train,191,31,63,178,velo_personne_casque
image-374.jpg,train,97,24,103,231,velo_personne_casque
image-375.jpg,train,8,68,53,149,velo_personne_casque
image-375.jpg,train,72,73,42,132,velo_personne_casque
image-375.jpg,train,149,65,59,158,velo_personne_casque
image-376.jpg,train,149,4,93,251,velo_personne_casque
image-377.jpg,train,11,41,62,161,velo_personne_casque
image-377.jpg,train,78,49,57,153,velo_personne_casque
image-378.jpg,train,1,39,148,177,velo_personne_casque
image-379.jpg,train,107,55,114,145,velo_personne_casque
image-379.jpg,train,5,64,51,99,velo_personne_casque
image-380.jpg,train,42,127,97,97,velo_personne_casque
image-381.jpg,train,69,33,114,193,velo_personne_casque
image-382.jpg,train,29,63,77,119,velo_personne_casque
image-382.jpg,train,196,53,53,101,velo_personne_casque
image-383.jpg,train,45,37,179,199,velo_personne_casque
image-384.jpg,train,133,41,72,197,velo_personne_casque
image-385.jpg,train,91,36,75,199,velo_personne_casque
image-386.jpg,train,47,21,81,221,velo_personne_casque
image-387.jpg,train,0,45,207,211,velo_personne_casque
image-388.jpg,train,54,17,203,238,velo_personne_casque
image-389.jpg,train,155,109,54,131,velo_personne_casque
image-390.jpg,train,49,23,153,199,velo_personne_casque
image-391.jpg,train,129,112,50,115,velo_personne
image-392.jpg,train,43,1,189,253,velo_personne_casque
image-393.jpg,train,79,27,100,216,velo_personne_casque
image-394.jpg,train,99,11,125,239,velo_personne_casque
image-395.jpg,train,133,113,121,129,velo_personne_casque
image-396.jpg,train,109,29,79,226,velo_personne_casque
image-397.jpg,train,80,27,119,229,velo_personne_casque
image-400.jpg,train,1,37,154,212,velo_personne_casque
image-400.jpg,train,108,79,147,153,velo_personne_casque
image-401.jpg,train,179,69,60,164,velo_personne_casque
image-403.jpg,train,140,47,108,209,velo_personne_casque
image-404.jpg,train,101,112,62,131,velo_personne_casque
image-404.jpg,train,176,68,79,162,velo_personne_casque
image-405.jpg,train,45,34,118,211,velo_personne_casque
image-406.jpg,train,11,47,75,192,velo_personne_casque
image-406.jpg,train,83,41,79,203,velo_personne_casque
image-407.jpg,train,112,90,145,167,velo_personne_casque
image-408.jpg,train,16,83,116,160,velo_personne_casque
image-408.jpg,train,221,89,31,73,velo_personne_casque
image-409.jpg,train,89,137,61,73,velo_personne_casque
image-410.jpg,train,162,35,79,179,velo_personne
image-411.jpg,train,99,35,97,219,velo_personne_casque
image-412.jpg,train,0,0,87,247,velo_personne_casque
image-412.jpg,train,154,40,53,135,velo_personne_casque
image-413.jpg,train,39,71,129,184,velo_personne_casque
image-414.jpg,train,106,19,87,212,velo_personne_casque
image-415.jpg,train,77,3,130,251,velo_personne_casque
image-416.jpg,train,72,18,106,237,velo_personne_casque
image-418.jpg,train,47,1,137,252,velo_personne_casque
image-419.jpg,train,113,61,63,161,velo_personne_casque
image-419.jpg,train,197,75,56,147,velo_personne_casque
image-421.jpg,train,1,49,64,173,velo_personne_casque
image-421.jpg,train,103,57,73,169,velo_personne_casque
image-421.jpg,train,159,55,59,159,velo_personne_casque
image-422.jpg,train,65,93,44,104,velo_personne_casque
image-422.jpg,train,117,80,59,135,velo_personne_casque
image-422.jpg,train,146,43,69,187,velo_personne_casque
image-423.jpg,train,95,89,133,165,velo_personne_casque
image-426.jpg,train,103,61,143,141,velo_personne_casque
image-426.jpg,train,1,55,127,171,velo_personne_casque
image-427.jpg,train,155,90,65,130,velo_personne_casque
image-428.jpg,train,73,64,182,183,velo_personne_casque
image-428.jpg,train,3,150,57,35,velo
image-429.jpg,train,51,107,112,135,velo_personne_casque
image-430.jpg,train,121,121,35,107,velo_personne_casque
image-431.jpg,train,80,79,175,173,velo_personne_casque
image-432.jpg,train,63,38,66,163,velo_personne_casque
image-432.jpg,train,131,3,97,250,velo_personne_casque
image-433.jpg,train,133,30,63,184,velo_personne_casque
image-434.jpg,train,93,75,161,173,velo_personne_casque
image-436.jpg,train,63,57,163,177,velo_personne_casque
image-437.jpg,train,1,64,129,151,velo_personne_casque
image-438.jpg,train,141,49,59,159,velo_personne_casque
image-439.jpg,train,80,42,81,205,velo_personne_casque
image-440.jpg,train,48,46,85,191,velo_personne_casque
image-440.jpg,train,138,67,44,147,velo_personne_casque
image-440.jpg,train,173,60,52,147,velo_personne_casque
image-441.jpg,train,76,68,144,187,velo_personne_casque
image-442.jpg,train,42,34,212,208,velo_personne_casque
image-443.jpg,train,58,69,47,135,velo_personne_casque
image-443.jpg,train,189,63,57,175,velo_personne_casque
image-443.jpg,train,154,95,46,118,velo_personne_casque
image-444.jpg,train,12,1,113,252,velo_personne_casque
image-445.jpg,train,33,81,39,125,velo_personne_casque
image-445.jpg,train,97,88,41,114,velo_personne_casque
image-445.jpg,train,187,84,53,130,velo_personne_casque
image-446.jpg,train,6,116,59,136,velo_personne_casque
image-446.jpg,train,100,129,58,126,velo_personne_casque
image-446.jpg,train,197,135,56,120,velo_personne_casque
image-447.jpg,train,33,3,186,249,velo_personne_casque
image-448.jpg,train,104,62,50,161,velo_personne_casque
image-449.jpg,train,77,24,172,221,velo_personne_casque
image-450.jpg,train,23,45,108,207,velo_personne_casque
image-451.jpg,train,30,17,88,206,velo_personne_casque
image-452.jpg,train,81,34,174,215,velo_personne_casque
image-453.jpg,train,147,38,69,196,velo_personne_casque
image-454.jpg,train,53,11,200,244,velo_personne_casque
image-455.jpg,train,34,40,179,180,velo_personne_casque
image-456.jpg,train,13,31,102,224,velo_personne_casque
image-456.jpg,train,131,26,114,210,velo_personne_casque
image-457.jpg,train,18,71,152,177,velo_personne_casque
image-458.jpg,train,58,40,174,181,velo_personne_casque
image-459.jpg,train,126,1,122,254,velo_personne_casque
image-460.jpg,train,206,134,48,91,velo_personne_casque
image-461.jpg,train,11,46,161,175,velo_personne_casque
image-462.jpg,train,102,17,143,237,velo_personne_casque
image-463.jpg,train,89,21,153,214,velo_personne_casque
image-465.jpg,train,32,70,101,148,velo_personne_casque
image-465.jpg,train,179,58,73,163,velo_personne_casque
image-466.jpg,train,27,11,226,234,velo_personne_casque
image-467.jpg,train,20,29,76,171,velo_personne_casque
image-467.jpg,train,172,41,74,152,velo_personne_casque
image-468.jpg,train,129,47,74,201,velo_personne_casque
image-468.jpg,train,62,46,69,197,velo_personne_casque
image-471.jpg,train,60,25,192,211,velo_personne_casque
image-472.jpg,train,83,64,64,171,velo_personne_casque
image-472.jpg,train,198,79,55,155,velo_personne_casque
image-473.jpg,train,149,42,68,197,velo_personne_casque
image-473.jpg,train,2,8,110,246,velo_personne_casque
image-474.jpg,train,119,28,133,224,velo_personne_casque
image-475.jpg,train,93,27,146,229,velo_personne_casque
image-476.jpg,train,80,36,73,210,velo_personne_casque
image-478.jpg,train,164,101,84,122,velo_personne_casque
image-478.jpg,train,111,112,73,90,velo_personne_casque
image-479.jpg,train,87,65,167,173,velo_personne_casque
image-481.jpg,train,29,62,76,87,velo_personne_casque
image-481.jpg,train,153,58,101,117,velo_personne_casque
image-482.jpg,train,8,41,165,187,velo_personne_casque
image-487.jpg,train,12,82,71,143,velo_personne_casque
image-487.jpg,train,96,82,52,129,velo_personne_casque
image-488.jpg,train,88,131,34,89,velo_personne_casque
image-488.jpg,train,147,128,40,88,velo_personne_casque
image-489.jpg,train,166,96,89,154,velo_personne_casque
image-490.jpg,train,60,81,60,161,velo_personne_casque
image-491.jpg,train,22,104,129,149,velo_personne_casque
image-492.jpg,train,110,58,78,177,velo_personne_casque
image-493.jpg,train,30,61,76,194,velo_personne_casque
image-494.jpg,train,6,35,114,219,velo_personne_casque
image-495.jpg,train,55,14,93,240,velo_personne_casque
image-495.jpg,train,143,58,65,163,velo_personne_casque
image-496.jpg,train,14,60,56,144,velo_personne_casque
image-496.jpg,train,66,53,59,162,velo_personne_casque
image-497.jpg,train,61,118,88,132,velo_personne_casque
image-497.jpg,train,165,104,79,132,velo_personne_casque
image-498.jpg,train,13,37,205,206,velo_personne_casque
image-499.jpg,train,16,4,110,251,velo_personne_casque
image-500.jpg,train,132,82,53,132,velo_personne_casque
image-500.jpg,train,54,77,52,135,velo_personne_casque
image-501.jpg,train,79,6,102,234,velo_personne_casque
image-502.jpg,train,76,8,127,216,velo_personne_casque
image-503.jpg,train,175,103,44,128,velo_personne_casque
image-503.jpg,train,67,101,49,133,velo_personne_casque
image-506.jpg,train,63,109,70,84,velo_personne_casque
image-506.jpg,train,127,106,71,83,velo_personne_casque
image-507.jpg,train,22,44,101,208,velo_personne_casque
image-507.jpg,train,157,73,95,146,velo_personne_casque
image-508.jpg,train,38,56,131,133,velo_personne_casque
image-510.jpg,train,92,39,163,183,velo_personne_casque
image-511.jpg,train,161,41,88,179,velo_personne_casque
image-511.jpg,train,21,42,76,185,velo_personne_casque
image-512.jpg,train,64,38,187,191,velo_personne_casque
image-513.jpg,train,2,26,194,206,velo_personne_casque
image-514.jpg,train,2,21,210,231,velo_personne_casque
image-515.jpg,train,54,40,198,193,velo_personne
image-516.jpg,train,40,102,56,143,velo_personne
image-516.jpg,train,142,107,57,142,velo_personne
image-517.jpg,train,8,141,99,96,velo_personne
image-518.jpg,train,63,101,81,151,velo_personne
image-519.jpg,train,18,47,218,205,velo_personne
image-520.jpg,train,52,49,173,177,velo_personne
image-521.jpg,train,58,117,42,67,velo_personne
image-521.jpg,train,122,132,55,61,velo_personne
image-521.jpg,train,159,144,96,103,velo_personne
image-522.jpg,train,35,76,111,111,velo_personne
image-523.jpg,train,70,22,92,232,velo_personne
image-524.jpg,train,114,51,44,104,velo_personne
image-524.jpg,train,59,77,66,165,velo_personne
image-525.jpg,train,40,19,80,217,velo_personne
image-525.jpg,train,158,21,73,209,velo_personne
image-526.jpg,train,83,75,50,132,velo_personne
image-527.jpg,train,27,3,113,248,velo_personne
image-530.jpg,train,22,74,60,165,velo_personne
image-530.jpg,train,130,78,60,155,velo_personne
image-532.jpg,train,4,97,37,86,velo_personne
image-532.jpg,train,50,40,66,179,velo_personne
image-532.jpg,train,170,29,85,207,velo_personne
image-533.jpg,train,163,51,80,203,velo_personne
image-536.jpg,train,122,86,37,90,velo_personne
image-537.jpg,train,77,122,151,133,velo_personne
image-538.jpg,train,54,63,76,191,velo_personne
image-538.jpg,train,22,81,36,83,velo_personne
image-540.jpg,train,46,135,93,120,velo_personne
image-540.jpg,train,191,129,38,84,velo_personne
image-541.jpg,train,163,37,66,181,velo_personne
image-542.jpg,train,7,33,216,213,velo_personne
image-543.jpg,train,42,4,109,247,velo_personne
image-544.jpg,train,110,35,132,207,velo_personne
image-544.jpg,train,6,41,47,98,velo_personne
image-545.jpg,train,129,3,101,252,velo_personne
image-546.jpg,train,95,72,102,169,velo_personne
image-547.jpg,train,97,119,43,117,velo_personne
image-548.jpg,train,35,79,45,105,velo_personne
image-548.jpg,train,182,69,72,184,velo_personne
image-549.jpg,train,35,84,60,125,velo_personne
image-550.jpg,train,4,93,94,163,velo_personne
image-551.jpg,train,114,33,141,223,velo_personne
image-552.jpg,train,1,133,112,91,velo
image-552.jpg,train,103,133,129,91,velo
image-554.jpg,train,66,113,97,142,velo_personne
image-555.jpg,train,139,119,95,123,velo_personne
image-556.jpg,train,161,130,95,97,velo_personne
image-557.jpg,train,129,14,127,243,velo_personne
image-558.jpg,train,68,38,186,183,velo_personne
image-559.jpg,train,13,52,115,201,velo_personne
image-560.jpg,train,39,1,131,253,velo_personne
image-561.jpg,train,82,147,38,97,velo_personne
image-561.jpg,train,161,145,41,107,velo_personne
image-562.jpg,train,127,72,53,165,velo_personne
image-564.jpg,train,1,35,175,221,velo_personne
image-564.jpg,train,133,47,123,174,velo_personne
image-565.jpg,train,35,28,189,193,velo_personne
image-566.jpg,train,189,78,50,133,velo_personne_casque
image-567.jpg,train,107,64,63,177,velo_personne
image-568.jpg,train,111,77,46,85,velo_personne
image-570.jpg,train,105,32,149,215,velo_personne
image-574.jpg,train,1,54,162,182,velo_personne
image-575.jpg,train,109,51,126,205,velo_personne
image-576.jpg,train,87,1,168,254,velo_personne
image-578.jpg,train,9,85,78,163,velo_personne
image-578.jpg,train,159,81,71,165,velo_personne
image-579.jpg,train,167,65,71,190,velo_personne
image-580.jpg,train,112,91,66,115,velo_personne
image-580.jpg,train,197,95,58,115,velo_personne
image-581.jpg,train,15,71,44,121,velo_personne
image-581.jpg,train,93,70,47,125,velo_personne
image-581.jpg,train,168,67,43,128,velo_personne
image-582.jpg,train,142,83,92,145,velo_personne
image-582.jpg,train,1,89,79,110,velo_personne
image-583.jpg,train,22,89,114,129,velo_personne
image-584.jpg,train,60,97,63,159,velo_personne
image-585.jpg,train,87,95,150,137,velo_personne
image-585.jpg,train,35,91,82,117,velo_personne
image-586.jpg,train,31,125,106,123,velo_personne
image-587.jpg,train,1,80,113,129,velo_personne
image-587.jpg,train,124,81,133,146,velo_personne
image-588.jpg,train,158,25,97,226,velo_personne
image-589.jpg,train,121,113,56,143,velo_personne
image-589.jpg,train,66,135,36,95,velo_personne
image-590.jpg,train,69,25,187,229,velo_personne
image-592.jpg,train,67,39,189,216,velo_personne
image-593.jpg,train,120,87,83,155,velo_personne
image-594.jpg,train,45,88,76,167,velo_personne
image-594.jpg,train,213,85,41,102,velo_personne
image-595.jpg,train,9,42,68,188,velo_personne
image-595.jpg,train,138,25,101,225,velo_personne
image-598.jpg,train,86,28,167,217,velo_personne
image-599.jpg,train,21,108,135,109,velo_personne
image-599.jpg,train,206,112,35,70,velo_personne
image-600.jpg,train,83,38,173,217,velo_personne
image-601.jpg,train,1,29,67,225,velo_personne
image-601.jpg,train,137,35,109,220,velo_personne
image-602.jpg,train,73,35,120,213,velo_personne
image-603.jpg,train,58,36,196,207,velo_personne
image-604.jpg,train,47,22,110,206,velo_personne
image-605.jpg,train,87,62,156,171,velo_personne
image-608.jpg,train,103,37,54,143,velo_personne
image-608.jpg,train,157,49,45,126,velo_personne
image-609.jpg,train,64,78,134,160,velo_personne
image-610.jpg,train,121,88,99,96,velo_personne
image-610.jpg,train,0,131,67,45,velo
image-612.jpg,train,93,75,56,133,velo_personne
image-612.jpg,train,194,73,57,131,velo_personne
image-613.jpg,train,133,24,75,207,velo_personne
image-614.jpg,train,13,103,137,153,velo_personne
image-615.jpg,train,1,28,153,175,velo_personne
image-616.jpg,train,68,27,173,189,velo_personne
image-617.jpg,train,36,42,123,121,velo_personne
image-618.jpg,train,37,20,85,211,velo_personne
image-618.jpg,train,213,56,43,49,velo
image-620.jpg,train,130,49,57,158,velo_personne
image-621.jpg,train,98,112,45,122,velo_personne
image-621.jpg,train,178,107,52,137,velo_personne
image-622.jpg,train,137,64,42,133,velo_personne
image-622.jpg,train,67,63,52,139,velo_personne
image-622.jpg,train,44,62,33,117,velo_personne
image-623.jpg,train,1,33,194,217,velo_personne
image-624.jpg,train,108,96,57,133,velo_personne
image-624.jpg,train,191,108,38,78,velo_personne
image-625.jpg,train,145,84,79,148,velo_personne
image-626.jpg,train,97,72,61,169,velo_personne
image-626.jpg,train,177,65,60,182,velo_personne
image-627.jpg,train,1,65,172,164,velo_personne
image-628.jpg,train,45,82,62,137,velo_personne
image-628.jpg,train,122,95,45,129,velo_personne
image-628.jpg,train,172,85,49,147,velo_personne
image-629.jpg,train,37,61,92,113,velo_personne
image-629.jpg,train,138,71,88,110,velo_personne
image-630.jpg,train,118,107,45,135,velo_personne
image-631.jpg,train,15,43,89,207,velo_personne
image-632.jpg,train,3,77,137,151,velo_personne
image-633.jpg,train,159,133,52,77,velo_personne
image-633.jpg,train,64,97,70,116,velo_personne
image-633.jpg,train,22,99,61,109,velo_personne
image-634.jpg,train,17,44,56,145,velo_personne
image-634.jpg,train,90,76,49,113,velo_personne
image-635.jpg,train,123,7,107,244,velo_personne
image-635.jpg,train,85,19,71,212,velo_personne
image-636.jpg,train,0,110,125,111,velo
image-636.jpg,train,139,37,101,218,velo_personne
image-638.jpg,train,1,39,175,183,velo_personne
image-639.jpg,train,21,53,125,177,velo_personne
image-640.jpg,train,110,84,77,167,velo_personne
image-641.jpg,train,6,109,87,137,velo_personne
image-641.jpg,train,90,111,57,135,velo_personne
image-643.jpg,train,135,76,108,151,velo_personne
image-644.jpg,train,147,87,73,119,velo_personne
image-644.jpg,train,30,81,126,133,velo_personne
image-645.jpg,train,23,51,201,194,velo_personne
image-646.jpg,train,89,89,107,105,velo_personne
image-647.jpg,train,46,67,69,131,velo_personne
image-647.jpg,train,147,62,41,97,velo_personne
image-648.jpg,train,59,17,64,177,velo_personne
image-648.jpg,train,125,24,70,166,velo_personne
image-649.jpg,train,137,67,59,143,velo_personne
image-649.jpg,train,93,101,32,72,velo_personne
image-650.jpg,train,49,64,79,171,velo_personne
image-651.jpg,train,171,83,59,36,velo
image-651.jpg,train,4,28,153,183,velo_personne
image-652.jpg,train,94,53,153,198,velo_personne
image-653.jpg,train,46,17,91,227,velo_personne
image-653.jpg,train,158,25,75,195,velo_personne
image-654.jpg,train,87,108,89,147,velo_personne
image-656.jpg,train,117,12,89,243,velo_personne
image-656.jpg,train,13,24,77,205,velo_personne
image-658.jpg,train,139,53,115,164,velo_personne
image-658.jpg,train,77,61,107,137,velo_personne
image-659.jpg,train,101,12,122,241,velo_personne
image-660.jpg,train,73,67,153,158,velo_personne
image-661.jpg,train,63,61,193,190,velo_personne
image-662.jpg,train,82,54,61,175,velo_personne
image-664.jpg,train,50,45,162,173,velo_personne
image-665.jpg,train,38,13,123,237,velo_personne
image-666.jpg,train,102,33,121,223,velo_personne
image-668.jpg,train,59,73,189,183,velo_personne
image-673.jpg,train,1,36,168,211,velo_personne
image-674.jpg,train,82,53,91,202,velo_personne
image-674.jpg,train,192,95,58,142,velo_personne
image-675.jpg,train,53,65,145,135,velo_personne
image-675.jpg,train,140,69,109,122,velo_personne
image-676.jpg,train,1,107,91,127,velo_personne
image-676.jpg,train,171,120,83,116,velo_personne
image-677.jpg,train,0,94,110,152,velo_personne
image-677.jpg,train,187,140,26,45,velo
image-677.jpg,train,214,139,37,53,velo
image-678.jpg,train,1,77,68,177,velo_personne
image-678.jpg,train,133,94,25,64,velo_personne
image-678.jpg,train,169,89,60,165,velo_personne
image-678.jpg,train,201,88,41,94,velo_personne
image-680.jpg,train,21,31,165,224,velo_personne
image-681.jpg,train,65,122,69,133,velo_personne
image-682.jpg,train,15,76,150,179,velo_personne
image-684.jpg,train,59,51,160,192,velo_personne
image-685.jpg,train,78,88,172,169,velo_personne
image-686.jpg,train,10,59,81,195,velo_personne
image-687.jpg,train,80,62,119,125,velo_personne
image-688.jpg,train,74,51,143,150,velo_personne
image-689.jpg,train,17,93,30,66,velo_personne
image-689.jpg,train,202,95,28,53,velo_personne
image-689.jpg,train,84,89,160,166,velo_personne
image-690.jpg,train,83,48,87,207,velo_personne
image-691.jpg,train,83,73,103,181,velo_personne
image-691.jpg,train,29,76,75,148,velo_personne
image-692.jpg,train,154,25,88,160,velo_personne
image-693.jpg,train,75,75,75,117,velo_personne
image-693.jpg,train,172,60,57,137,velo_personne
image-694.jpg,train,57,87,49,118,velo_personne
image-694.jpg,train,138,87,47,122,velo_personne
image-695.jpg,train,94,77,159,159,velo_personne
image-696.jpg,train,53,80,42,128,velo_personne
image-696.jpg,train,99,1,103,255,velo_personne
image-696.jpg,train,189,111,47,85,velo
image-697.jpg,train,35,21,184,212,velo_personne
image-700.jpg,train,157,7,95,249,velo_personne
image-700.jpg,train,38,21,84,235,velo_personne
image-701.jpg,train,74,42,143,213,velo_personne
image-702.jpg,train,78,80,59,175,velo_personne
image-702.jpg,train,191,77,59,162,velo_personne
image-703.jpg,train,132,155,102,99,velo_personne
image-704.jpg,train,107,8,127,244,velo_personne
image-704.jpg,train,57,99,51,53,velo_personne
image-705.jpg,train,18,39,109,217,velo_personne
image-705.jpg,train,171,13,85,243,velo_personne
image-706.jpg,train,82,9,166,242,velo_personne
image-707.jpg,train,63,56,63,169,velo_personne
image-708.jpg,train,90,95,61,114,velo_personne
image-708.jpg,train,42,91,48,119,velo_personne
image-709.jpg,train,188,58,52,134,velo_personne
image-710.jpg,train,0,92,88,99,velo_personne
image-710.jpg,train,178,89,77,98,velo_personne
image-711.jpg,train,0,33,119,194,velo_personne
image-711.jpg,train,114,31,141,191,velo_personne
image-712.jpg,train,81,124,83,80,velo_personne
image-713.jpg,train,79,55,60,161,velo_personne
image-713.jpg,train,6,40,67,197,velo_personne
image-714.jpg,train,0,42,85,186,velo_personne
image-714.jpg,train,170,38,85,207,velo_personne
image-715.jpg,train,0,25,168,212,velo_personne
image-715.jpg,train,189,97,68,75,velo_personne
image-716.jpg,train,108,79,66,175,velo_personne
image-719.jpg,train,61,34,87,221,velo_personne
image-720.jpg,train,5,19,78,225,velo_personne
image-720.jpg,train,183,13,67,192,velo_personne
image-722.jpg,train,15,67,121,171,velo_personne
image-723.jpg,train,88,88,71,167,velo_personne
image-723.jpg,train,161,85,81,168,velo_personne
image-724.jpg,train,112,95,67,116,velo_personne
image-725.jpg,train,77,68,66,149,velo_personne
image-727.jpg,train,45,24,189,196,velo_personne
image-728.jpg,train,120,9,91,247,velo_personne
image-729.jpg,train,21,83,87,171,velo_personne
image-731.jpg,train,59,41,185,199,velo_personne
image-732.jpg,train,0,105,93,133,velo_personne
image-732.jpg,train,128,102,128,138,velo_personne
image-733.jpg,train,134,11,94,245,velo_personne
image-734.jpg,train,27,60,46,140,velo_personne
image-734.jpg,train,81,62,48,141,velo_personne
image-735.jpg,train,45,67,73,166,velo_personne
image-735.jpg,train,144,45,67,177,velo_personne
image-736.jpg,train,9,37,89,219,velo_personne
image-736.jpg,train,159,20,96,236,velo_personne
image-737.jpg,train,46,31,183,174,velo_personne
image-738.jpg,train,67,74,164,167,velo_personne
image-739.jpg,train,79,7,87,238,velo_personne
image-739.jpg,train,201,51,54,147,velo_personne
image-740.jpg,train,118,44,137,193,velo_personne
image-740.jpg,train,1,74,125,138,velo_personne
image-741.jpg,train,71,21,86,233,velo_personne
image-742.jpg,train,87,26,165,177,velo_personne
image-743.jpg,train,115,72,117,115,velo_personne
image-744.jpg,train,75,58,147,151,velo_personne
image-745.jpg,train,0,53,147,170,velo_personne
image-746.jpg,train,77,108,120,107,velo_personne
image-747.jpg,train,86,39,165,179,velo_personne
image-748.jpg,train,71,53,182,175,velo_personne
image-749.jpg,train,66,58,175,166,velo_personne
image-750.jpg,train,118,63,120,119,velo_personne
image-751.jpg,train,126,66,65,148,velo_personne
image-752.jpg,train,118,77,131,128,velo_personne
image-753.jpg,train,61,54,132,134,velo_personne
image-754.jpg,train,89,61,64,191,velo_personne
image-755.jpg,train,53,88,114,147,velo_personne
image-756.jpg,train,59,8,45,111,velo_personne
image-757.jpg,train,121,167,81,88,velo_personne_casque
image-758.jpg,train,190,121,59,89,velo_personne_casque
image-759.jpg,train,125,103,66,124,velo_personne_casque
image-760.jpg,train,15,74,61,153,velo_personne_casque
image-761.jpg,train,7,105,19,31,velo
image-761.jpg,train,101,116,33,32,velo
image-761.jpg,train,170,87,68,154,velo_personne_casque
image-761.jpg,train,149,95,41,57,velo_personne
image-762.jpg,train,11,157,93,57,velo
image-762.jpg,train,119,103,135,141,velo_personne_casque
image-763.jpg,train,115,0,83,64,velo
image-763.jpg,train,1,108,130,147,velo_personne_casque
image-764.jpg,train,152,131,77,75,velo_personne_casque
image-765.jpg,train,205,68,50,73,velo_personne_casque
image-765.jpg,train,110,92,59,59,velo_personne_casque
image-766.jpg,train,1,115,81,78,velo_personne_casque
image-766.jpg,train,113,86,121,116,velo_personne_casque
image-767.jpg,train,26,18,187,233,velo_personne_casque
image-767.jpg,train,7,51,75,57,velo
image-767.jpg,train,170,53,49,39,velo
image-768.jpg,train,63,1,192,253,velo_personne_casque
image-769.jpg,train,57,40,143,192,velo_personne
image-769.jpg,train,153,34,77,144,velo_personne
image-770.jpg,train,165,101,61,54,velo
image-770.jpg,train,1,88,31,43,velo
image-770.jpg,train,39,69,87,187,velo_personne
image-770.jpg,train,104,71,73,161,velo_personne
image-771.jpg,train,3,1,65,35,velo
image-771.jpg,train,93,0,55,29,velo
image-771.jpg,train,138,60,103,81,velo_personne
image-772.jpg,train,225,29,27,41,velo
image-772.jpg,train,173,13,18,31,velo
image-772.jpg,train,92,45,41,114,velo_personne
image-773.jpg,train,147,120,68,129,velo_personne
image-774.jpg,train,122,98,64,79,velo_personne
image-775.jpg,train,119,65,98,112,velo_personne
image-776.jpg,train,112,66,39,114,velo_personne
image-776.jpg,train,170,59,41,103,velo_personne
image-777.jpg,train,102,23,95,186,velo_personne
image-778.jpg,train,61,31,69,135,velo_personne
image-779.jpg,train,15,113,106,141,velo_personne
image-779.jpg,train,1,106,44,98,velo_personne
image-780.jpg,train,6,37,31,43,velo
image-780.jpg,train,71,1,125,255,velo_personne
image-781.jpg,train,112,132,68,87,velo_personne
image-781.jpg,train,217,156,39,39,velo
image-781.jpg,train,58,153,71,56,velo
image-782.jpg,train,66,69,77,129,velo_personne
image-783.jpg,train,116,59,41,79,velo_personne
image-783.jpg,train,23,65,86,145,velo_personne
image-784.jpg,train,8,61,163,160,velo_personne
image-784.jpg,train,142,81,27,71,velo_personne_casque
image-785.jpg,train,107,0,149,256,velo_personne
image-786.jpg,train,23,147,35,46,velo
image-787.jpg,train,19,93,183,163,velo
image-791.jpg,train,36,118,47,73,velo
image-791.jpg,train,139,141,41,63,velo
image-791.jpg,train,181,141,73,69,velo
image-791.jpg,train,93,141,38,67,velo
image-792.jpg,train,55,73,199,171,velo
image-798.jpg,train,10,107,203,148,velo
image-798.jpg,train,9,53,30,21,velo
image-798.jpg,train,44,55,19,22,velo
image-802.jpg,train,53,151,44,49,velo
image-803.jpg,train,203,172,39,31,velo
image-803.jpg,train,165,166,30,30,velo
image-806.jpg,train,5,83,70,34,velo
image-806.jpg,train,100,68,47,33,velo
image-806.jpg,train,191,46,27,29,velo
image-814.jpg,train,85,118,75,139,velo
image-814.jpg,train,131,90,22,46,velo
image-815.jpg,train,69,77,131,155,velo
image-817.jpg,train,88,42,91,77,velo_personne_casque
image-817.jpg,train,115,91,118,73,velo_personne_casque
image-818.jpg,train,1,118,178,131,velo
image-818.jpg,train,72,131,136,88,velo
image-818.jpg,train,180,132,74,50,velo
image-819.jpg,train,123,76,88,172,velo
image-820.jpg,train,193,112,51,86,velo
image-820.jpg,train,151,105,42,87,velo
image-821.jpg,train,159,175,89,80,velo
image-821.jpg,train,2,169,63,45,velo
image-822.jpg,train,9,20,104,158,velo
image-823.jpg,train,45,162,140,90,velo
image-824.jpg,train,81,135,108,120,velo
image-824.jpg,train,165,137,74,91,velo
image-825.jpg,train,136,134,41,116,velo_personne_casque
image-825.jpg,train,69,132,46,116,velo_personne_casque
image-826.jpg,train,10,88,65,103,velo
image-826.jpg,train,178,91,38,88,velo
image-826.jpg,train,209,92,39,94,velo
image-827.jpg,train,52,67,155,113,velo
image-829.jpg,train,1,90,196,153,velo
image-829.jpg,train,89,74,166,112,velo
image-830.jpg,train,78,111,55,132,velo
image-830.jpg,train,160,104,46,118,velo
image-830.jpg,train,181,114,46,121,velo
image-831.jpg,train,151,97,54,140,velo_personne
image-832.jpg,train,5,52,72,161,velo_personne_casque
image-832.jpg,train,77,55,70,157,velo_personne_casque
image-832.jpg,train,164,47,65,161,velo_personne_casque
image-833.jpg,train,3,9,225,134,velo
image-834.jpg,train,130,61,120,194,velo
image-835.jpg,train,35,18,180,115,velo
image-835.jpg,train,44,136,177,117,velo
image-836.jpg,train,69,92,110,134,velo
image-836.jpg,train,162,107,66,86,velo
image-837.jpg,train,125,81,80,160,velo
image-837.jpg,train,26,56,69,138,velo
image-838.jpg,train,111,117,139,115,velo
image-839.jpg,train,132,86,79,126,velo
image-839.jpg,train,87,86,60,102,velo
image-840.jpg,train,1,28,192,219,velo
image-840.jpg,train,29,15,206,203,velo
image-841.jpg,train,0,56,198,179,velo
image-841.jpg,train,158,10,98,87,velo
image-842.jpg,train,121,18,74,148,velo
image-843.jpg,train,90,79,142,153,velo
image-844.jpg,train,32,72,140,169,velo
image-845.jpg,train,65,77,107,107,velo_personne
image-846.jpg,train,110,33,119,155,velo
image-847.jpg,train,5,30,156,175,velo
image-847.jpg,train,51,46,150,143,velo
image-847.jpg,train,140,60,83,114,velo
image-847.jpg,train,140,61,112,101,velo
image-848.jpg,train,113,31,142,143,velo
image-849.jpg,train,1,100,118,155,velo
image-849.jpg,train,86,87,169,148,velo
image-850.jpg,train,38,81,88,124,velo
image-850.jpg,train,114,89,87,109,velo
image-850.jpg,train,148,75,97,112,velo
image-851.jpg,train,1,86,240,152,velo
image-852.jpg,train,160,154,72,88,velo
image-852.jpg,train,113,148,82,93,velo
image-852.jpg,train,84,149,81,90,velo
image-853.jpg,train,111,38,131,217,velo
image-854.jpg,train,20,104,61,127,velo
image-854.jpg,train,127,94,79,108,velo
image-855.jpg,train,21,75,192,181,velo
image-856.jpg,train,19,50,94,117,velo
image-856.jpg,train,139,43,115,142,velo
image-857.jpg,train,21,110,164,98,velo
image-858.jpg,train,9,135,169,85,velo
image-859.jpg,train,140,106,42,117,velo_personne
image-860.jpg,train,167,158,83,49,velo
image-861.jpg,train,19,163,75,53,velo
image-861.jpg,train,102,160,77,53,velo
image-861.jpg,train,179,160,75,56,velo
image-862.jpg,train,70,179,115,64,velo
image-863.jpg,train,60,81,192,161,velo
image-864.jpg,train,123,6,132,217,velo
image-865.jpg,train,34,14,164,124,velo
image-866.jpg,train,116,76,136,121,velo
image-867.jpg,train,0,145,117,95,velo
image-867.jpg,train,118,155,96,82,velo
image-867.jpg,train,189,161,66,72,velo
image-867.jpg,train,106,59,114,106,velo
image-868.jpg,train,54,58,170,120,velo
image-869.jpg,train,60,168,31,56,velo_personne
image-870.jpg,train,107,70,99,111,velo
image-871.jpg,train,1,70,54,144,velo
image-871.jpg,train,60,47,81,125,velo
image-871.jpg,train,143,48,105,116,velo
image-872.jpg,train,120,71,74,146,velo
image-872.jpg,train,185,60,67,164,velo
image-873.jpg,train,47,120,196,96,velo
image-874.jpg,train,15,44,161,198,velo
image-875.jpg,train,1,1,112,130,velo
image-875.jpg,train,103,19,152,175,velo
image-876.jpg,train,56,106,106,120,velo
image-877.jpg,train,10,86,189,129,velo
image-878.jpg,train,88,1,167,165,velo
image-879.jpg,train,85,56,163,155,velo
image-880.jpg,train,39,70,124,100,velo
image-881.jpg,train,49,42,163,162,velo
image-882.jpg,train,33,68,212,172,velo
image-882.jpg,train,1,59,181,146,velo
image-883.jpg,train,21,65,177,169,velo
image-884.jpg,train,32,53,183,162,velo
image-885.jpg,train,173,108,77,55,velo
image-886.jpg,train,55,144,135,83,velo
image-887.jpg,train,47,155,141,100,velo
image-888.jpg,train,28,65,161,127,velo
image-888.jpg,train,113,66,142,182,velo
image-889.jpg,train,81,118,81,96,velo
image-890.jpg,train,6,135,92,88,velo_personne_casque
image-890.jpg,train,119,136,88,84,velo_personne_casque
image-891.jpg,train,44,104,190,128,velo
image-892.jpg,train,47,49,86,149,velo
image-893.jpg,train,2,63,103,103,velo
image-893.jpg,train,107,77,140,144,velo
image-894.jpg,train,91,119,67,118,velo
image-895.jpg,train,60,44,102,135,velo_personne_casque
image-895.jpg,train,153,39,100,185,velo_personne_casque
image-896.jpg,train,47,85,200,167,velo
image-897.jpg,train,1,117,205,137,velo
image-898.jpg,train,24,79,133,124,velo
image-898.jpg,train,130,87,111,96,velo
image-899.jpg,train,1,147,97,85,velo
image-899.jpg,train,167,147,88,85,velo
image-900.jpg,train,108,80,52,137,velo_personne_casque
image-900.jpg,train,174,93,49,119,velo_personne_casque
image-900.jpg,train,235,94,19,89,velo_personne_casque
image-900.jpg,train,215,93,28,79,velo_personne_casque
image-901.jpg,train,1,121,62,50,velo
image-901.jpg,train,65,115,87,56,velo
image-901.jpg,train,165,111,90,63,velo
image-902.jpg,train,123,69,92,166,velo_personne_casque
image-902.jpg,train,37,73,94,143,velo_personne_casque
image-903.jpg,train,173,91,81,109,velo
image-903.jpg,train,133,88,62,107,velo
image-903.jpg,train,23,73,92,114,velo
image-904.jpg,train,142,140,63,70,velo
image-905.jpg,train,73,81,157,146,velo_personne
image-906.jpg,train,142,93,100,105,velo
image-906.jpg,train,74,50,93,137,velo
image-906.jpg,train,26,34,79,160,velo
image-907.jpg,train,25,57,64,199,velo_personne_casque
image-908.jpg,train,118,55,40,127,velo_personne
image-909.jpg,train,39,12,58,142,velo_personne
image-910.jpg,train,28,117,165,130,velo
image-911.jpg,train,3,68,179,147,velo
image-912.jpg,train,140,106,47,88,velo
image-912.jpg,train,30,95,124,161,velo
image-913.jpg,train,193,83,52,113,velo
image-913.jpg,train,174,95,57,121,velo
image-914.jpg,train,66,131,78,86,velo
image-915.jpg,train,40,71,60,175,velo_personne_casque
image-915.jpg,train,85,48,82,208,velo_personne_casque
image-916.jpg,train,83,59,53,141,velo_personne
image-916.jpg,train,50,59,42,135,velo_personne
image-917.jpg,train,3,18,81,179,velo_personne_casque
image-917.jpg,train,154,11,102,244,velo_personne_casque
image-918.jpg,train,136,123,111,125,velo_personne
image-918.jpg,train,67,134,101,106,velo_personne
image-919.jpg,train,0,117,105,103,velo_personne
image-919.jpg,train,135,117,121,124,velo_personne
image-920.jpg,train,32,90,140,121,velo
image-921.jpg,train,59,32,125,219,velo_personne_casque
image-921.jpg,train,10,33,75,177,velo_personne_casque
image-922.jpg,train,39,172,107,74,velo
image-922.jpg,train,110,169,107,73,velo
image-923.jpg,train,156,89,60,156,velo_personne_casque
image-924.jpg,train,2,110,215,124,velo
image-925.jpg,train,116,146,100,92,velo
image-925.jpg,train,6,151,102,84,velo
image-926.jpg,train,1,75,42,124,velo_personne_casque
image-926.jpg,train,114,70,47,131,velo_personne_casque
image-926.jpg,train,177,87,78,162,velo_personne_casque
image-927.jpg,train,45,75,211,147,velo
image-928.jpg,train,2,73,95,100,velo_personne_casque
image-928.jpg,train,122,59,84,111,velo_personne_casque
image-928.jpg,train,188,71,55,84,velo_personne_casque
image-929.jpg,train,178,71,59,134,velo_personne_casque
image-929.jpg,train,90,78,52,111,velo_personne_casque
image-929.jpg,train,15,91,43,90,velo_personne_casque
image-929.jpg,train,59,93,32,86,velo_personne_casque
image-930.jpg,train,78,33,173,183,velo_personne_casque
image-930.jpg,train,33,47,143,160,velo_personne_casque
image-931.jpg,train,46,135,99,113,velo_personne
image-932.jpg,train,3,129,144,109,velo
image-932.jpg,train,138,147,117,91,velo
image-933.jpg,train,68,102,135,99,velo
image-934.jpg,train,24,104,19,47,velo_personne
image-934.jpg,train,50,111,28,64,velo_personne_casque
image-934.jpg,train,91,136,76,120,velo_personne_casque
image-935.jpg,train,86,92,101,96,velo
image-936.jpg,train,20,20,97,160,velo
image-936.jpg,train,94,28,82,169,velo
image-936.jpg,train,170,28,65,180,velo
image-937.jpg,train,63,63,48,91,velo
image-937.jpg,train,87,37,137,184,velo
image-938.jpg,train,95,120,143,137,velo
image-939.jpg,train,50,68,163,129,velo
image-939.jpg,train,103,51,149,112,velo
image-940.jpg,train,8,52,119,114,velo
image-941.jpg,train,184,75,62,114,velo
image-941.jpg,train,58,49,156,209,velo
image-942.jpg,train,55,110,111,76,velo
image-943.jpg,train,107,147,149,101,velo
image-944.jpg,train,81,120,73,54,velo
image-944.jpg,train,59,110,39,33,velo
image-945.jpg,train,52,165,77,76,velo_personne
image-946.jpg,train,2,64,164,170,velo
image-946.jpg,train,174,109,65,93,velo
image-947.jpg,train,107,111,29,74,velo_personne
image-947.jpg,train,65,107,48,114,velo_personne_casque
image-947.jpg,train,156,98,49,120,velo_personne
image-948.jpg,train,114,85,128,153,velo
image-948.jpg,train,16,85,149,154,velo
image-949.jpg,train,14,30,238,184,velo
image-950.jpg,train,105,42,75,115,velo
image-950.jpg,train,40,43,66,108,velo
image-951.jpg,train,57,86,126,136,velo_personne_casque
image-952.jpg,train,59,16,176,185,velo
image-953.jpg,train,91,63,115,167,velo
image-954.jpg,train,11,16,135,176,velo
image-955.jpg,train,136,41,58,119,velo_personne_casque
image-955.jpg,train,10,64,95,182,velo_personne_casque
image-956.jpg,train,8,94,184,122,velo
image-956.jpg,train,27,87,197,124,velo
image-957.jpg,train,107,57,86,199,velo_personne_casque
image-958.jpg,train,28,48,116,138,velo
image-958.jpg,train,121,37,117,148,velo
image-959.jpg,train,48,58,80,155,velo
image-960.jpg,train,52,75,167,168,velo
image-961.jpg,train,40,74,85,105,velo_personne_casque
image-961.jpg,train,137,51,100,192,velo_personne_casque
image-962.jpg,train,6,48,202,198,velo_personne_casque
image-963.jpg,train,17,6,153,170,velo
image-964.jpg,train,78,174,125,83,velo
image-965.jpg,train,21,109,131,120,velo
image-965.jpg,train,141,108,99,82,velo
image-966.jpg,train,18,133,123,105,velo
image-966.jpg,train,77,138,136,98,velo
image-967.jpg,train,68,66,155,142,velo
image-969.jpg,train,1,151,105,83,velo
image-969.jpg,train,121,145,134,99,velo
image-970.jpg,train,51,150,202,105,velo
image-971.jpg,train,14,45,87,149,velo_personne_casque
image-971.jpg,train,110,21,87,196,velo_personne_casque
image-971.jpg,train,179,49,70,118,velo_personne_casque
image-972.jpg,train,95,55,160,183,velo_personne_casque
image-973.jpg,train,41,103,178,109,velo
image-974.jpg,train,62,98,190,149,velo
image-975.jpg,train,8,172,34,59,velo_personne
image-975.jpg,train,74,144,178,112,velo
image-976.jpg,train,38,88,218,168,velo
image-977.jpg,train,30,167,96,60,velo
image-978.jpg,train,30,81,225,149,velo
image-978.jpg,train,0,65,214,135,velo
image-979.jpg,train,19,68,51,160,velo_personne_casque
image-979.jpg,train,157,83,36,118,velo_personne_casque
image-980.jpg,train,90,137,60,98,velo_personne
image-981.jpg,train,38,166,47,53,velo_personne
image-982.jpg,train,178,113,78,121,velo
image-982.jpg,train,64,97,88,92,velo
image-982.jpg,train,11,89,59,62,velo
image-983.jpg,train,44,29,73,137,velo
image-983.jpg,train,90,50,68,114,velo
image-983.jpg,train,124,41,72,115,velo
image-984.jpg,train,0,21,130,219,velo
image-984.jpg,train,68,56,130,156,velo
image-984.jpg,train,116,64,105,130,velo
image-985.jpg,train,57,146,86,74,velo
image-985.jpg,train,0,149,57,65,velo
image-985.jpg,train,144,155,106,84,velo
image-986.jpg,train,0,71,159,147,velo
image-986.jpg,train,121,90,135,111,velo
image-987.jpg,train,0,77,131,140,velo
image-987.jpg,train,106,39,85,88,velo
image-987.jpg,train,161,44,83,97,velo
image-988.jpg,train,77,87,136,145,velo
image-989.jpg,train,14,53,180,160,velo
image-989.jpg,train,0,60,168,147,velo
image-990.jpg,train,167,65,89,136,velo
image-990.jpg,train,78,65,89,104,velo
image-990.jpg,train,41,68,57,93,velo
image-991.jpg,train,84,98,56,147,velo_personne_casque
image-992.jpg,train,1,113,114,120,velo
image-992.jpg,train,102,17,153,113,velo
image-993.jpg,train,26,104,80,149,velo
image-994.jpg,train,0,60,256,196,velo
image-994.jpg,train,51,59,148,190,velo
image-995.jpg,train,64,40,87,160,velo_personne_casque
image-996.jpg,train,31,87,54,111,velo_personne_casque
image-996.jpg,train,89,65,67,166,velo_personne_casque
image-996.jpg,train,141,68,38,134,velo_personne_casque
image-997.jpg,train,42,135,24,62,velo_personne
image-998.jpg,train,47,19,197,125,velo
image-999.jpg,train,79,3,114,199,velo_personne_casque
image-1000.jpg,train,86,173,35,55,velo
image-1001.jpg,train,119,150,76,106,velo
image-1002.jpg,train,79,134,166,119,velo
image-1003.jpg,train,68,53,125,162,velo
image-1003.jpg,train,1,57,111,105,velo
image-1004.jpg,train,23,40,157,159,velo
image-1005.jpg,train,178,140,27,62,velo
image-1005.jpg,train,114,139,33,60,velo
image-1006.jpg,train,155,102,92,125,velo_personne
image-1007.jpg,train,87,104,166,129,velo
image-1007.jpg,train,27,93,158,114,velo
image-1008.jpg,train,129,90,119,89,velo
image-1009.jpg,train,54,120,47,128,velo_personne
image-1009.jpg,train,141,120,44,127,velo_personne
image-1010.jpg,train,88,76,133,133,velo_personne_casque
image-1011.jpg,train,0,18,193,238,velo
image-1012.jpg,train,110,119,36,123,velo_personne_casque
image-1013.jpg,train,68,36,157,160,velo
image-1013.jpg,train,29,1,71,94,velo
image-1014.jpg,train,163,60,79,184,velo_personne
image-1015.jpg,train,65,100,112,146,velo_personne_casque
image-1016.jpg,train,99,11,137,152,velo
image-1016.jpg,train,9,16,140,147,velo
image-1017.jpg,train,41,136,213,120,velo
image-1018.jpg,train,87,145,155,92,velo
image-1018.jpg,train,35,100,101,82,velo
image-1019.jpg,train,194,121,58,40,velo
image-1019.jpg,train,0,122,120,87,velo
image-1019.jpg,train,117,112,63,38,velo
image-1019.jpg,train,163,118,65,42,velo
image-1019.jpg,train,114,143,142,107,velo
image-1020.jpg,train,102,51,137,178,velo
image-1020.jpg,train,27,46,38,84,velo
image-1020.jpg,train,57,47,65,113,velo
image-1021.jpg,train,142,114,88,82,velo
image-1021.jpg,train,110,116,89,89,velo
image-1021.jpg,train,66,121,98,95,velo
image-1021.jpg,train,21,115,95,115,velo
image-1022.jpg,train,71,31,68,127,velo_personne_casque
image-1022.jpg,train,111,25,116,188,velo_personne_casque
image-1023.jpg,train,18,145,52,105,velo_personne_casque
image-1024.jpg,train,4,97,78,127,velo
image-1024.jpg,train,39,81,118,126,velo
image-1024.jpg,train,64,93,118,134,velo
image-1025.jpg,train,169,126,81,82,velo
image-1025.jpg,train,17,109,137,130,velo
image-1026.jpg,train,9,102,218,109,velo
image-1026.jpg,train,53,26,203,146,velo
image-1027.jpg,train,170,106,71,130,velo
image-1027.jpg,train,58,113,73,130,velo
image-1028.jpg,train,17,29,233,196,velo
image-1029.jpg,train,54,113,95,141,velo_personne_casque
image-1029.jpg,train,1,124,79,112,velo_personne
image-1030.jpg,train,52,72,177,176,velo_personne_casque
image-1031.jpg,train,0,141,126,100,velo
image-1031.jpg,train,126,137,121,103,velo
image-1032.jpg,train,48,125,107,125,velo
image-1033.jpg,train,11,53,80,180,velo
image-1033.jpg,train,155,41,101,200,velo
image-1034.jpg,train,88,44,147,202,velo
image-1035.jpg,train,48,111,181,144,velo
image-1036.jpg,train,9,79,112,168,velo
image-1036.jpg,train,77,68,102,139,velo
image-1037.jpg,train,69,76,75,173,velo_personne_casque
image-1038.jpg,train,102,61,109,142,velo
image-1038.jpg,train,33,56,64,135,velo
image-1039.jpg,train,11,140,237,100,velo
image-1040.jpg,train,121,77,122,146,velo
image-1041.jpg,train,67,74,66,166,velo_personne_casque
image-1041.jpg,train,206,95,37,139,velo_personne_casque
image-1042.jpg,train,82,125,34,64,velo_personne
image-1042.jpg,train,151,126,60,67,velo_personne_casque
image-1043.jpg,train,3,156,111,73,velo
image-1044.jpg,train,76,165,107,86,velo
image-1045.jpg,train,136,4,119,236,velo_personne_casque
image-1045.jpg,train,1,97,25,61,velo_personne
image-1045.jpg,train,36,71,41,103,velo_personne_casque
image-1046.jpg,train,102,73,154,162,velo_personne_casque
image-1046.jpg,train,1,95,102,119,velo_personne_casque
image-1047.jpg,train,105,89,40,96,velo_personne_casque
image-1047.jpg,train,55,49,69,190,velo_personne_casque
image-1048.jpg,train,14,120,37,82,velo_personne_casque
image-1048.jpg,train,134,51,67,166,velo_personne_casque
image-1050.jpg,train,20,66,66,126,velo
image-1050.jpg,train,157,62,63,117,velo
image-1050.jpg,train,83,82,89,173,velo
image-1051.jpg,train,78,80,62,141,velo_personne_casque
image-1052.jpg,train,109,80,146,158,velo
image-1053.jpg,train,31,145,97,58,velo
image-1053.jpg,train,136,142,97,59,velo
image-1054.jpg,train,81,94,36,37,velo_personne_casque
image-1054.jpg,train,174,99,28,26,velo_personne
image-1054.jpg,train,140,121,54,134,velo
image-1054.jpg,train,60,117,72,138,velo
image-1055.jpg,train,124,51,57,137,velo_personne_casque
image-1056.jpg,train,20,98,33,60,velo_personne
image-1057.jpg,train,67,38,116,85,velo
image-1058.jpg,train,4,132,131,123,velo
image-1059.jpg,train,0,157,98,80,velo
image-1059.jpg,train,152,152,104,86,velo
image-1060.jpg,train,127,0,115,256,velo_personne_casque
image-1061.jpg,train,49,93,74,127,velo
image-1061.jpg,train,102,70,91,116,velo
image-1062.jpg,train,13,74,127,145,velo_personne_casque
image-1062.jpg,train,162,55,90,165,velo_personne_casque
image-1063.jpg,train,15,101,99,155,velo
image-1064.jpg,train,15,122,153,122,velo
image-1065.jpg,train,31,18,158,238,velo_personne_casque
image-1065.jpg,train,103,17,148,199,velo_personne_casque
image-1066.jpg,train,123,53,105,106,velo
image-1066.jpg,train,9,93,242,162,velo
image-1067.jpg,train,34,112,100,113,velo
image-1067.jpg,train,106,119,147,103,velo
image-1068.jpg,train,206,83,33,105,velo_personne
image-1068.jpg,train,163,72,43,136,velo_personne
image-1068.jpg,train,107,92,40,102,velo_personne
image-1068.jpg,train,60,69,47,146,velo_personne
image-1069.jpg,train,208,95,43,99,velo_personne_casque
image-1069.jpg,train,118,68,54,127,velo_personne_casque
image-1069.jpg,train,13,47,74,149,velo_personne_casque
image-1070.jpg,train,121,69,134,186,velo
image-1070.jpg,train,75,69,129,186,velo
image-1070.jpg,train,14,70,103,185,velo
image-1071.jpg,train,0,108,85,111,velo_personne_casque
image-1071.jpg,train,102,46,153,197,velo_personne_casque
image-1072.jpg,train,64,7,100,248,velo_personne_casque
image-1072.jpg,train,179,26,76,215,velo_personne_casque
image-1073.jpg,train,0,92,71,111,velo
image-1073.jpg,train,178,90,77,94,velo
image-1074.jpg,train,11,117,121,135,velo_personne
image-1075.jpg,train,149,124,85,120,velo
image-1075.jpg,train,36,108,42,50,velo
image-1076.jpg,train,94,105,109,124,velo
image-1077.jpg,train,169,102,45,98,velo_personne_casque
image-1077.jpg,train,67,128,79,104,velo_personne_casque
image-1078.jpg,train,165,148,73,64,velo
image-1078.jpg,train,6,154,68,59,velo
image-1079.jpg,train,47,115,120,131,velo
image-1080.jpg,train,103,77,133,149,velo
image-1080.jpg,train,26,67,75,152,velo
image-1081.jpg,train,75,109,163,145,velo
image-1082.jpg,train,103,82,28,104,velo_personne
image-1082.jpg,train,147,89,30,86,velo_personne
image-1083.jpg,train,199,0,53,132,velo_personne_casque
image-1083.jpg,train,114,11,62,148,velo_personne_casque
image-1083.jpg,train,17,44,61,166,velo_personne_casque
image-1084.jpg,train,39,155,104,85,velo
image-1084.jpg,train,126,172,127,70,velo
image-1085.jpg,train,82,95,44,111,velo_personne_casque
image-1085.jpg,train,140,95,43,104,velo_personne_casque
image-1085.jpg,train,105,120,49,118,velo_personne_casque
image-1086.jpg,train,156,92,17,56,velo_personne_casque
image-1086.jpg,train,130,89,29,71,velo_personne_casque
image-1086.jpg,train,29,64,72,185,velo_personne_casque
image-1087.jpg,train,0,70,104,94,velo
image-1087.jpg,train,153,83,102,142,velo
image-1088.jpg,train,146,55,93,195,velo_personne_casque
image-1088.jpg,train,3,0,95,255,velo_personne_casque
image-1089.jpg,train,121,110,102,119,velo
image-1090.jpg,train,79,100,148,149,velo
image-1090.jpg,train,20,108,143,143,velo
image-1091.jpg,train,72,105,183,150,velo
image-1092.jpg,train,136,61,105,172,velo_personne_casque
image-1092.jpg,train,37,55,83,179,velo_personne_casque
image-1093.jpg,train,154,115,76,87,velo_personne_casque
image-1093.jpg,train,87,111,69,92,velo_personne_casque
image-1094.jpg,train,57,51,117,193,velo
image-1095.jpg,train,80,23,116,130,velo
image-1096.jpg,train,137,40,79,173,velo
image-1096.jpg,train,82,48,80,163,velo
image-1096.jpg,train,31,43,80,167,velo
image-1097.jpg,train,160,75,95,117,velo
image-1097.jpg,train,119,90,108,111,velo
image-1097.jpg,train,0,81,96,146,velo
image-1098.jpg,train,47,60,169,157,velo
image-1099.jpg,train,23,87,217,141,velo
image-1100.jpg,train,28,70,225,162,velo
image-1101.jpg,train,42,99,33,81,velo_personne
image-1101.jpg,train,92,108,35,85,velo_personne
image-1101.jpg,train,131,107,31,81,velo_personne
image-1103.jpg,train,57,95,98,128,velo
image-1104.jpg,train,14,92,232,141,velo
image-1105.jpg,train,27,49,201,151,velo
image-1106.jpg,train,44,94,112,82,velo
image-1107.jpg,train,51,51,186,189,velo
image-1108.jpg,train,13,46,138,210,velo
image-1109.jpg,train,190,82,60,91,velo
image-1110.jpg,train,167,71,74,121,velo
image-1110.jpg,train,87,51,131,179,velo
image-1111.jpg,train,52,141,112,90,velo
image-1112.jpg,train,119,133,68,44,velo
image-1112.jpg,train,199,126,53,50,velo