filename,dataset,x,y,width,height,classe
image-454.jpg,train,53.0,11.0,253.0,255.0,velo_personne_casque
image-612.jpg,train,93.0,75.0,149.0,208.0,velo_personne
image-612.jpg,train,194.0,73.0,251.0,204.0,velo_personne
image-497.jpg,train,61.0,118.0,149.0,250.0,velo_personne_casque
image-497.jpg,train,165.0,104.0,244.0,236.0,velo_personne_casque
image-1096.jpg,train,137.0,40.0,216.0,213.0,velo
image-1096.jpg,train,82.0,48.0,162.0,211.0,velo
image-1096.jpg,train,31.0,43.0,111.0,210.0,velo
image-413.jpg,train,39.0,71.0,168.0,255.0,velo_personne_casque
image-1004.jpg,train,23.0,40.0,180.0,199.0,velo
image-474.jpg,train,119.0,28.0,252.0,252.0,velo_personne_casque
image-733.jpg,train,134.0,11.0,228.0,256.0,velo_personne
image-936.jpg,train,20.0,20.0,117.0,180.0,velo
image-936.jpg,train,94.0,28.0,176.0,197.0,velo
image-936.jpg,train,170.0,28.0,235.0,208.0,velo
image-632.jpg,train,3.0,77.0,140.0,228.0,velo_personne
image-920.jpg,train,32.0,90.0,172.0,211.0,velo
image-1067.jpg,train,34.0,112.0,134.0,225.0,velo
image-1067.jpg,train,106.0,119.0,253.0,222.0,velo
image-423.jpg,train,95.0,89.0,228.0,254.0,velo_personne_casque
image-391.jpg,train,129.0,112.0,179.0,227.0,velo_personne
image-758.jpg,train,190.0,121.0,249.0,210.0,velo_personne_casque
image-345.jpg,train,44.0,4.0,143.0,255.0,velo_personne_casque
image-781.jpg,train,112.0,132.0,180.0,219.0,velo_personne
image-781.jpg,train,217.0,156.0,256.0,195.0,velo
image-781.jpg,train,58.0,153.0,129.0,209.0,velo
image-585.jpg,train,87.0,95.0,237.0,232.0,velo_personne
image-585.jpg,train,35.0,91.0,117.0,208.0,velo_personne
image-762.jpg,train,11.0,157.0,104.0,214.0,velo
image-762.jpg,train,119.0,103.0,254.0,244.0,velo_personne_casque
image-541.jpg,train,163.0,37.0,229.0,218.0,velo_personne
image-785.jpg,train,107.0,0.0,256.0,256.0,velo_personne
image-238.jpg,train,108.0,96.0,166.0,228.0,velo_personne_casque
image-238.jpg,train,85.0,109.0,118.0,132.0,velo
image-959.jpg,train,48.0,58.0,128.0,213.0,velo
image-1094.jpg,train,57.0,51.0,174.0,244.0,velo
image-209.jpg,train,41.0,78.0,120.0,205.0,velo
image-209.jpg,train,163.0,43.0,189.0,101.0,velo
image-917.jpg,train,3.0,18.0,84.0,197.0,velo_personne_casque
image-917.jpg,train,154.0,11.0,256.0,255.0,velo_personne_casque
image-1045.jpg,train,136.0,4.0,255.0,240.0,velo_personne_casque
image-1045.jpg,train,1.0,97.0,26.0,158.0,velo_personne
image-1045.jpg,train,36.0,71.0,77.0,174.0,velo_personne_casque
image-520.jpg,train,52.0,49.0,225.0,226.0,velo_personne
image-666.jpg,train,102.0,33.0,223.0,256.0,velo_personne
image-526.jpg,train,83.0,75.0,133.0,207.0,velo_personne
image-1078.jpg,train,165.0,148.0,238.0,212.0,velo
image-1078.jpg,train,6.0,154.0,74.0,213.0,velo
image-542.jpg,train,7.0,33.0,223.0,246.0,velo_personne
image-415.jpg,train,77.0,3.0,207.0,254.0,velo_personne_casque
image-372.jpg,train,77.0,51.0,157.0,240.0,velo_personne_casque
image-819.jpg,train,123.0,76.0,211.0,248.0,velo
image-438.jpg,train,141.0,49.0,200.0,208.0,velo_personne_casque
image-82.jpg,train,85.0,33.0,204.0,254.0,velo_personne
image-838.jpg,train,111.0,117.0,250.0,232.0,velo
image-1009.jpg,train,54.0,120.0,101.0,248.0,velo_personne
image-1009.jpg,train,141.0,120.0,185.0,247.0,velo_personne
image-617.jpg,train,36.0,42.0,159.0,163.0,velo_personne
image-3.jpg,train,125.0,12.0,218.0,221.0,velo_personne_casque
image-52.jpg,train,16.0,65.0,165.0,227.0,velo_personne_casque
image-94.jpg,train,9.0,7.0,95.0,204.0,velo_personne
image-94.jpg,train,104.0,41.0,132.0,105.0,velo_personne
image-1061.jpg,train,49.0,93.0,123.0,220.0,velo
image-1061.jpg,train,102.0,70.0,193.0,186.0,velo
image-335.jpg,train,89.0,135.0,179.0,241.0,velo_personne_casque
image-453.jpg,train,147.0,38.0,216.0,234.0,velo_personne_casque
image-1026.jpg,train,9.0,102.0,227.0,211.0,velo
image-1026.jpg,train,53.0,26.0,256.0,172.0,velo
image-765.jpg,train,205.0,68.0,255.0,141.0,velo_personne_casque
image-765.jpg,train,110.0,92.0,169.0,151.0,velo_personne_casque
image-599.jpg,train,21.0,108.0,156.0,217.0,velo_personne
image-599.jpg,train,206.0,112.0,241.0,182.0,velo_personne
image-59.jpg,train,166.0,49.0,239.0,251.0,velo_personne_casque
image-867.jpg,train,0.0,145.0,117.0,240.0,velo
image-867.jpg,train,118.0,155.0,214.0,237.0,velo
image-867.jpg,train,189.0,161.0,255.0,233.0,velo
image-867.jpg,train,106.0,59.0,220.0,165.0,velo
image-272.jpg,train,6.0,35.0,74.0,254.0,velo_personne_casque
image-272.jpg,train,175.0,38.0,250.0,255.0,velo_personne
image-582.jpg,train,142.0,83.0,234.0,228.0,velo_personne
image-582.jpg,train,1.0,89.0,80.0,199.0,velo_personne
image-678.jpg,train,1.0,77.0,69.0,254.0,velo_personne
image-678.jpg,train,133.0,94.0,158.0,158.0,velo_personne
image-678.jpg,train,169.0,89.0,229.0,254.0,velo_personne
image-678.jpg,train,201.0,88.0,242.0,182.0,velo_personne
image-373.jpg,train,191.0,31.0,254.0,209.0,velo_personne_casque
image-895.jpg,train,60.0,44.0,162.0,179.0,velo_personne_casque
image-895.jpg,train,153.0,39.0,253.0,224.0,velo_personne_casque
image-1073.jpg,train,0.0,92.0,71.0,203.0,velo
image-1073.jpg,train,178.0,90.0,255.0,184.0,velo
image-300.jpg,train,3.0,35.0,251.0,254.0,velo_personne_casque
image-802.jpg,train,53.0,151.0,97.0,200.0,velo
image-353.jpg,train,121.0,73.0,206.0,183.0,velo_personne_casque
image-1098.jpg,train,47.0,60.0,216.0,217.0,velo
image-1042.jpg,train,82.0,125.0,116.0,189.0,velo_personne
image-1042.jpg,train,151.0,126.0,211.0,193.0,velo_personne_casque
image-460.jpg,train,206.0,134.0,254.0,225.0,velo_personne_casque
image-205.jpg,train,-1.0,-1.0,-2.0,-2.0,rien
image-1025.jpg,train,169.0,126.0,250.0,208.0,velo
image-1025.jpg,train,17.0,109.0,154.0,239.0,velo
image-777.jpg,train,102.0,23.0,197.0,209.0,velo_personne
image-750.jpg,train,118.0,63.0,238.0,182.0,velo_personne
image-905.jpg,train,73.0,81.0,230.0,227.0,velo_personne
image-289.jpg,train,82.0,75.0,167.0,254.0,velo_personne_casque
image-289.jpg,train,179.0,8.0,232.0,162.0,velo_personne_casque
image-1021.jpg,train,142.0,114.0,230.0,196.0,velo
image-1021.jpg,train,110.0,116.0,199.0,205.0,velo
image-1021.jpg,train,66.0,121.0,164.0,216.0,velo
image-1021.jpg,train,21.0,115.0,116.0,230.0,velo
image-639.jpg,train,21.0,53.0,146.0,230.0,velo_personne
image-862.jpg,train,70.0,179.0,185.0,243.0,velo
image-327.jpg,train,45.0,100.0,86.0,203.0,velo_personne_casque
image-327.jpg,train,131.0,97.0,171.0,203.0,velo_personne_casque
image-327.jpg,train,209.0,15.0,255.0,228.0,velo_personne_casque
image-1084.jpg,train,39.0,155.0,143.0,240.0,velo
image-1084.jpg,train,126.0,172.0,253.0,242.0,velo
image-315.jpg,train,47.0,68.0,193.0,163.0,velo_personne_casque
image-160.jpg,train,-1.0,-1.0,-2.0,-2.0,rien
image-105.jpg,train,27.0,89.0,51.0,138.0,velo_personne
image-587.jpg,train,1.0,80.0,114.0,209.0,velo_personne
image-587.jpg,train,124.0,81.0,257.0,227.0,velo_personne
image-102.jpg,train,18.0,45.0,53.0,136.0,velo_personne
image-1041.jpg,train,67.0,74.0,133.0,240.0,velo_personne_casque
image-1041.jpg,train,206.0,95.0,243.0,234.0,velo_personne_casque
image-545.jpg,train,129.0,3.0,230.0,255.0,velo_personne
image-392.jpg,train,43.0,1.0,232.0,254.0,velo_personne_casque
image-1031.jpg,train,0.0,141.0,126.0,241.0,velo
image-1031.jpg,train,126.0,137.0,247.0,240.0,velo
image-499.jpg,train,16.0,4.0,126.0,255.0,velo_personne_casque
image-197.jpg,train,126.0,92.0,144.0,137.0,velo_personne_casque
image-310.jpg,train,107.0,62.0,164.0,245.0,velo_personne_casque
image-848.jpg,train,113.0,31.0,255.0,174.0,velo
image-711.jpg,train,0.0,33.0,119.0,227.0,velo_personne
image-711.jpg,train,114.0,31.0,255.0,222.0,velo_personne
image-624.jpg,train,108.0,96.0,165.0,229.0,velo_personne
image-624.jpg,train,191.0,108.0,229.0,186.0,velo_personne
image-313.jpg,train,118.0,32.0,252.0,189.0,velo_personne_casque
image-313.jpg,train,1.0,28.0,122.0,192.0,velo_personne_casque
image-704.jpg,train,107.0,8.0,234.0,252.0,velo_personne
image-704.jpg,train,57.0,99.0,108.0,152.0,velo_personne
image-823.jpg,train,45.0,162.0,185.0,252.0,velo
image-128.jpg,train,-1.0,-1.0,-2.0,-2.0,rien
image-776.jpg,train,112.0,66.0,151.0,180.0,velo_personne
image-776.jpg,train,170.0,59.0,211.0,162.0,velo_personne
image-668.jpg,train,59.0,73.0,248.0,256.0,velo_personne
image-551.jpg,train,114.0,33.0,255.0,256.0,velo_personne
image-851.jpg,train,1.0,86.0,241.0,238.0,velo
image-251.jpg,train,76.0,184.0,150.0,256.0,velo_personne
image-965.jpg,train,21.0,109.0,152.0,229.0,velo
image-965.jpg,train,141.0,108.0,240.0,190.0,velo
image-747.jpg,train,86.0,39.0,251.0,218.0,velo_personne
image-618.jpg,train,37.0,20.0,122.0,231.0,velo_personne
image-618.jpg,train,213.0,56.0,256.0,105.0,velo
image-172.jpg,train,-1.0,-1.0,-2.0,-2.0,rien
image-532.jpg,train,4.0,97.0,41.0,183.0,velo_personne
image-532.jpg,train,50.0,40.0,116.0,219.0,velo_personne
image-532.jpg,train,170.0,29.0,255.0,236.0,velo_personne
image-1000.jpg,train,86.0,173.0,121.0,228.0,velo
image-880.jpg,train,39.0,70.0,163.0,170.0,velo
image-506.jpg,train,63.0,109.0,133.0,193.0,velo_personne_casque
image-506.jpg,train,127.0,106.0,198.0,189.0,velo_personne_casque
image-295.jpg,train,161.0,30.0,233.0,245.0,velo_personne_casque
image-401.jpg,train,179.0,69.0,239.0,233.0,velo_personne_casque
image-635.jpg,train,123.0,7.0,230.0,251.0,velo_personne
image-635.jpg,train,85.0,19.0,156.0,231.0,velo_personne
image-906.jpg,train,142.0,93.0,242.0,198.0,velo
image-906.jpg,train,74.0,50.0,167.0,187.0,velo
image-906.jpg,train,26.0,34.0,105.0,194.0,velo
image-201.jpg,train,191.0,135.0,235.0,157.0,velo
image-1038.jpg,train,102.0,61.0,211.0,203.0,velo
image-1038.jpg,train,33.0,56.0,97.0,191.0,velo
image-412.jpg,train,0.0,0.0,87.0,247.0,velo_personne_casque
image-412.jpg,train,154.0,40.0,207.0,175.0,velo_personne_casque
image-161.jpg,train,124.0,87.0,180.0,160.0,velo_personne
image-223.jpg,train,49.0,133.0,96.0,201.0,velo_personne
image-223.jpg,train,217.0,131.0,242.0,159.0,velo_personne
image-891.jpg,train,44.0,104.0,234.0,232.0,velo
image-849.jpg,train,1.0,100.0,119.0,255.0,velo
image-849.jpg,train,86.0,87.0,255.0,235.0,velo
image-761.jpg,train,7.0,105.0,26.0,136.0,velo
image-761.jpg,train,101.0,116.0,134.0,148.0,velo
image-761.jpg,train,170.0,87.0,238.0,241.0,velo_personne_casque
image-761.jpg,train,149.0,95.0,190.0,152.0,velo_personne
image-149.jpg,train,30.0,90.0,64.0,128.0,velo
image-149.jpg,train,70.0,106.0,117.0,143.0,velo
image-149.jpg,train,186.0,138.0,250.0,188.0,velo
image-149.jpg,train,135.0,124.0,181.0,168.0,velo
image-140.jpg,train,159.0,85.0,194.0,166.0,velo_personne_casque
image-91.jpg,train,9.0,95.0,154.0,244.0,velo_personne_casque
image-859.jpg,train,140.0,106.0,182.0,223.0,velo_personne
image-939.jpg,train,50.0,68.0,213.0,197.0,velo
image-939.jpg,train,103.0,51.0,252.0,163.0,velo
image-242.jpg,train,-1.0,-1.0,-2.0,-2.0,rien
image-910.jpg,train,28.0,117.0,193.0,247.0,velo
image-247.jpg,train,124.0,116.0,162.0,217.0,velo_personne
image-1109.jpg,train,190.0,82.0,250.0,173.0,velo
image-979.jpg,train,19.0,68.0,70.0,228.0,velo_personne_casque
image-979.jpg,train,157.0,83.0,193.0,201.0,velo_personne_casque
image-154.jpg,train,86.0,69.0,196.0,200.0,velo_personne
image-557.jpg,train,129.0,14.0,256.0,257.0,velo_personne
image-39.jpg,train,128.0,53.0,171.0,207.0,velo_personne_casque
image-1086.jpg,train,156.0,92.0,173.0,148.0,velo_personne_casque
image-1086.jpg,train,130.0,89.0,159.0,160.0,velo_personne_casque
image-1086.jpg,train,29.0,64.0,101.0,249.0,velo_personne_casque
image-759.jpg,train,125.0,103.0,191.0,227.0,velo_personne_casque
image-923.jpg,train,156.0,89.0,216.0,245.0,velo_personne_casque
image-404.jpg,train,101.0,112.0,163.0,243.0,velo_personne_casque
image-404.jpg,train,176.0,68.0,255.0,230.0,velo_personne_casque
image-261.jpg,train,-1.0,-1.0,-2.0,-2.0,rien
image-984.jpg,train,0.0,21.0,130.0,240.0,velo
image-984.jpg,train,68.0,56.0,198.0,212.0,velo
image-984.jpg,train,116.0,64.0,221.0,194.0,velo
image-818.jpg,train,1.0,118.0,179.0,249.0,velo
image-818.jpg,train,72.0,131.0,208.0,219.0,velo
image-818.jpg,train,180.0,132.0,254.0,182.0,velo
image-604.jpg,train,47.0,22.0,157.0,228.0,velo_personne
image-126.jpg,train,43.0,129.0,89.0,177.0,velo_personne
image-132.jpg,train,-1.0,-1.0,-2.0,-2.0,rien
image-258.jpg,train,24.0,120.0,104.0,179.0,velo
image-432.jpg,train,63.0,38.0,129.0,201.0,velo_personne_casque
image-432.jpg,train,131.0,3.0,228.0,253.0,velo_personne_casque
image-616.jpg,train,68.0,27.0,241.0,216.0,velo_personne
image-1111.jpg,train,52.0,141.0,164.0,231.0,velo
image-742.jpg,train,87.0,26.0,252.0,203.0,velo_personne
image-145.jpg,train,19.0,120.0,53.0,147.0,velo
image-145.jpg,train,67.0,126.0,110.0,148.0,velo
image-145.jpg,train,161.0,127.0,201.0,154.0,velo
image-250.jpg,train,163.0,95.0,202.0,146.0,velo_personne
image-287.jpg,train,32.0,88.0,89.0,224.0,velo_personne_casque
image-287.jpg,train,125.0,95.0,193.0,220.0,velo_personne
image-108.jpg,train,183.0,18.0,240.0,129.0,velo_personne
image-876.jpg,train,56.0,106.0,162.0,226.0,velo
image-442.jpg,train,42.0,34.0,254.0,242.0,velo_personne_casque
image-308.jpg,train,81.0,94.0,250.0,255.0,velo_personne_casque
image-592.jpg,train,67.0,39.0,256.0,255.0,velo_personne
image-954.jpg,train,11.0,16.0,146.0,192.0,velo
image-631.jpg,train,15.0,43.0,104.0,250.0,velo_personne
image-654.jpg,train,87.0,108.0,176.0,255.0,velo_personne
image-614.jpg,train,13.0,103.0,150.0,256.0,velo_personne
image-1019.jpg,train,194.0,121.0,252.0,161.0,velo
image-1019.jpg,train,0.0,122.0,120.0,209.0,velo
image-1019.jpg,train,117.0,112.0,180.0,150.0,velo
image-1019.jpg,train,163.0,118.0,228.0,160.0,velo
image-1019.jpg,train,114.0,143.0,256.0,250.0,velo
image-444.jpg,train,12.0,1.0,125.0,253.0,velo_personne_casque
image-1029.jpg,train,54.0,113.0,149.0,254.0,velo_personne_casque
image-1029.jpg,train,1.0,124.0,80.0,236.0,velo_personne
image-1023.jpg,train,18.0,145.0,70.0,250.0,velo_personne_casque
image-194.jpg,train,140.0,161.0,170.0,194.0,velo
image-194.jpg,train,99.0,162.0,130.0,195.0,velo
image-194.jpg,train,57.0,159.0,88.0,197.0,velo
image-202.jpg,train,87.0,105.0,118.0,187.0,velo
image-588.jpg,train,158.0,25.0,255.0,251.0,velo_personne
image-538.jpg,train,54.0,63.0,130.0,254.0,velo_personne
image-538.jpg,train,22.0,81.0,58.0,164.0,velo_personne
image-994.jpg,train,0.0,60.0,256.0,256.0,velo
image-994.jpg,train,51.0,59.0,199.0,249.0,velo
image-377.jpg,train,11.0,41.0,73.0,202.0,velo_personne_casque
image-377.jpg,train,78.0,49.0,135.0,202.0,velo_personne_casque
image-270.jpg,train,35.0,46.0,103.0,223.0,velo_personne
image-270.jpg,train,214.0,39.0,243.0,119.0,velo_personne_casque
image-164.jpg,train,119.0,101.0,153.0,168.0,velo
image-206.jpg,train,-1.0,-1.0,-2.0,-2.0,rien
image-173.jpg,train,-1.0,-1.0,-2.0,-2.0,rien
image-111.jpg,train,1.0,63.0,234.0,222.0,velo_personne_casque
image-708.jpg,train,90.0,95.0,151.0,209.0,velo_personne
image-708.jpg,train,42.0,91.0,90.0,210.0,velo_personne
image-857.jpg,train,21.0,110.0,185.0,208.0,velo
image-350.jpg,train,137.0,37.0,216.0,218.0,velo_personne_casque
image-350.jpg,train,7.0,36.0,85.0,214.0,velo_personne_casque
image-187.jpg,train,15.0,142.0,108.0,251.0,velo_personne
image-187.jpg,train,150.0,145.0,193.0,246.0,velo_personne
image-594.jpg,train,45.0,88.0,121.0,255.0,velo_personne
image-594.jpg,train,213.0,85.0,254.0,187.0,velo_personne
image-15.jpg,train,115.0,42.0,159.0,141.0,velo_personne
image-15.jpg,train,125.0,131.0,171.0,247.0,velo_personne
image-175.jpg,train,-1.0,-1.0,-2.0,-2.0,rien
image-909.jpg,train,39.0,12.0,97.0,154.0,velo_personne
image-171.jpg,train,-1.0,-1.0,-2.0,-2.0,rien
image-307.jpg,train,167.0,62.0,247.0,242.0,velo_personne_casque
image-491.jpg,train,22.0,104.0,151.0,253.0,velo_personne_casque
image-151.jpg,train,-1.0,-1.0,-2.0,-2.0,rien
image-720.jpg,train,5.0,19.0,83.0,244.0,velo_personne
image-720.jpg,train,183.0,13.0,250.0,205.0,velo_personne
image-822.jpg,train,9.0,20.0,113.0,178.0,velo
image-931.jpg,train,46.0,135.0,145.0,248.0,velo_personne
image-861.jpg,train,19.0,163.0,94.0,216.0,velo
image-861.jpg,train,102.0,160.0,179.0,213.0,velo
image-861.jpg,train,179.0,160.0,254.0,216.0,velo
image-1091.jpg,train,72.0,105.0,255.0,255.0,velo
image-844.jpg,train,32.0,72.0,172.0,241.0,velo
image-1010.jpg,train,88.0,76.0,221.0,209.0,velo_personne_casque
image-450.jpg,train,23.0,45.0,131.0,252.0,velo_personne_casque
image-888.jpg,train,28.0,65.0,189.0,192.0,velo
image-888.jpg,train,113.0,66.0,255.0,248.0,velo
image-957.jpg,train,107.0,57.0,193.0,256.0,velo_personne_casque
image-457.jpg,train,18.0,71.0,170.0,248.0,velo_personne_casque
image-23.jpg,train,39.0,27.0,248.0,244.0,velo_personne
image-299.jpg,train,105.0,12.0,189.0,245.0,velo_personne_casque
image-293.jpg,train,4.0,108.0,104.0,202.0,velo_personne
image-293.jpg,train,146.0,104.0,256.0,213.0,velo_personne
image-1081.jpg,train,75.0,109.0,238.0,254.0,velo
image-1110.jpg,train,167.0,71.0,241.0,192.0,velo
image-1110.jpg,train,87.0,51.0,218.0,230.0,velo
image-207.jpg,train,182.0,126.0,243.0,177.0,velo
image-788.jpg,train,-1.0,-1.0,-2.0,-2.0,rien
image-815.jpg,train,69.0,77.0,200.0,232.0,velo
image-809.jpg,train,-1.0,-1.0,-2.0,-2.0,rien
image-872.jpg,train,120.0,71.0,194.0,217.0,velo
image-872.jpg,train,185.0,60.0,252.0,224.0,velo
image-966.jpg,train,18.0,133.0,141.0,238.0,velo
image-966.jpg,train,77.0,138.0,213.0,236.0,velo
image-286.jpg,train,87.0,0.0,192.0,255.0,velo_personne
image-961.jpg,train,40.0,74.0,125.0,179.0,velo_personne_casque
image-961.jpg,train,137.0,51.0,237.0,243.0,velo_personne_casque
image-605.jpg,train,87.0,62.0,243.0,233.0,velo_personne
image-999.jpg,train,79.0,3.0,193.0,202.0,velo_personne_casque
image-397.jpg,train,80.0,27.0,199.0,256.0,velo_personne_casque
image-1001.jpg,train,119.0,150.0,195.0,256.0,velo
image-897.jpg,train,1.0,117.0,206.0,254.0,velo
image-305.jpg,train,30.0,117.0,94.0,242.0,velo_personne_casque
image-305.jpg,train,108.0,99.0,165.0,215.0,velo_personne_casque
image-305.jpg,train,189.0,102.0,229.0,193.0,velo_personne_casque
image-846.jpg,train,110.0,33.0,229.0,188.0,velo
image-801.jpg,train,-1.0,-1.0,-2.0,-2.0,rien
image-1064.jpg,train,15.0,122.0,168.0,244.0,velo
image-451.jpg,train,30.0,17.0,118.0,223.0,velo_personne_casque
image-184.jpg,train,4.0,204.0,32.0,253.0,velo_personne
image-184.jpg,train,173.0,165.0,197.0,200.0,velo_personne
image-184.jpg,train,203.0,162.0,224.0,194.0,velo_personne
image-418.jpg,train,47.0,1.0,184.0,253.0,velo_personne_casque
image-13.jpg,train,0.0,39.0,73.0,169.0,velo_personne
image-13.jpg,train,115.0,45.0,158.0,157.0,velo_personne
image-527.jpg,train,27.0,3.0,140.0,251.0,velo_personne
image-508.jpg,train,38.0,56.0,169.0,189.0,velo_personne_casque
image-552.jpg,train,1.0,133.0,113.0,224.0,velo
image-552.jpg,train,103.0,133.0,232.0,224.0,velo
image-63.jpg,train,26.0,19.0,100.0,195.0,velo_personne_casque
image-63.jpg,train,164.0,17.0,246.0,190.0,velo_personne_casque
image-30.jpg,train,1.0,20.0,172.0,221.0,velo_personne
image-30.jpg,train,87.0,25.0,254.0,253.0,velo_personne
image-629.jpg,train,37.0,61.0,129.0,174.0,velo_personne
image-629.jpg,train,138.0,71.0,226.0,181.0,velo_personne
image-816.jpg,train,-1.0,-1.0,-2.0,-2.0,rien
image-825.jpg,train,136.0,134.0,177.0,250.0,velo_personne_casque
image-825.jpg,train,69.0,132.0,115.0,248.0,velo_personne_casque
image-429.jpg,train,51.0,107.0,163.0,242.0,velo_personne_casque
image-224.jpg,train,89.0,128.0,135.0,179.0,velo_personne
image-224.jpg,train,197.0,127.0,212.0,155.0,velo_personne
image-768.jpg,train,63.0,1.0,255.0,254.0,velo_personne_casque
image-443.jpg,train,58.0,69.0,105.0,204.0,velo_personne_casque
image-443.jpg,train,189.0,63.0,246.0,238.0,velo_personne_casque
image-443.jpg,train,154.0,95.0,200.0,213.0,velo_personne_casque
image-83.jpg,train,13.0,19.0,70.0,206.0,velo_personne
image-83.jpg,train,161.0,25.0,230.0,224.0,velo_personne_casque
image-77.jpg,train,39.0,94.0,94.0,196.0,velo_personne
image-77.jpg,train,79.0,89.0,118.0,174.0,velo_personne
image-77.jpg,train,117.0,87.0,177.0,176.0,velo_personne
image-77.jpg,train,181.0,89.0,214.0,169.0,velo_personne
image-77.jpg,train,217.0,89.0,249.0,166.0,velo_personne
image-988.jpg,train,77.0,87.0,213.0,232.0,velo
image-885.jpg,train,173.0,108.0,250.0,163.0,velo
image-268.jpg,train,58.0,96.0,169.0,255.0,velo_personne_casque
image-268.jpg,train,165.0,119.0,254.0,200.0,velo_personne_casque
image-268.jpg,train,131.0,124.0,183.0,175.0,velo_personne
image-92.jpg,train,141.0,7.0,224.0,228.0,velo_personne
image-621.jpg,train,98.0,112.0,143.0,234.0,velo_personne
image-621.jpg,train,178.0,107.0,230.0,244.0,velo_personne
image-946.jpg,train,2.0,64.0,166.0,234.0,velo
image-946.jpg,train,174.0,109.0,239.0,202.0,velo
image-955.jpg,train,136.0,41.0,194.0,160.0,velo_personne_casque
image-955.jpg,train,10.0,64.0,105.0,246.0,velo_personne_casque
image-239.jpg,train,3.0,44.0,67.0,193.0,velo_personne_casque
image-772.jpg,train,225.0,29.0,252.0,70.0,velo
image-772.jpg,train,173.0,13.0,191.0,44.0,velo
image-772.jpg,train,92.0,45.0,133.0,159.0,velo_personne
image-774.jpg,train,122.0,98.0,186.0,177.0,velo_personne
image-709.jpg,train,188.0,58.0,240.0,192.0,velo_personne
image-640.jpg,train,110.0,84.0,187.0,251.0,velo_personne
image-1080.jpg,train,103.0,77.0,236.0,226.0,velo
image-1080.jpg,train,26.0,67.0,101.0,219.0,velo
image-296.jpg,train,43.0,97.0,96.0,241.0,velo_personne_casque
image-296.jpg,train,103.0,91.0,172.0,246.0,velo_personne_casque
image-916.jpg,train,83.0,59.0,136.0,200.0,velo_personne
image-916.jpg,train,50.0,59.0,92.0,194.0,velo_personne
image-354.jpg,train,19.0,88.0,129.0,255.0,velo_personne_casque
image-354.jpg,train,102.0,98.0,207.0,227.0,velo_personne_casque
image-40.jpg,train,99.0,6.0,207.0,257.0,velo_personne_casque
image-40.jpg,train,35.0,139.0,79.0,245.0,velo_personne_casque
image-352.jpg,train,62.0,13.0,165.0,223.0,velo_personne_casque
image-395.jpg,train,133.0,113.0,254.0,242.0,velo_personne_casque
image-741.jpg,train,71.0,21.0,157.0,254.0,velo_personne
image-357.jpg,train,65.0,80.0,130.0,220.0,velo_personne_casque
image-357.jpg,train,146.0,4.0,253.0,242.0,velo_personne_casque
image-1059.jpg,train,0.0,157.0,98.0,237.0,velo
image-1059.jpg,train,152.0,152.0,256.0,238.0,velo
image-304.jpg,train,68.0,52.0,194.0,227.0,velo_personne_casque
image-321.jpg,train,17.0,45.0,172.0,206.0,velo_personne_casque
image-428.jpg,train,73.0,64.0,255.0,247.0,velo_personne_casque
image-428.jpg,train,3.0,150.0,60.0,185.0,velo
image-419.jpg,train,113.0,61.0,176.0,222.0,velo_personne_casque
image-419.jpg,train,197.0,75.0,253.0,222.0,velo_personne_casque
image-2.jpg,train,3.0,76.0,254.0,236.0,velo_personne_casque
image-799.jpg,train,-1.0,-1.0,-2.0,-2.0,rien
image-595.jpg,train,9.0,42.0,77.0,230.0,velo_personne
image-595.jpg,train,138.0,25.0,239.0,250.0,velo_personne
image-643.jpg,train,135.0,76.0,243.0,227.0,velo_personne
image-130.jpg,train,107.0,109.0,187.0,178.0,velo
image-743.jpg,train,115.0,72.0,232.0,187.0,velo_personne
image-516.jpg,train,40.0,102.0,96.0,245.0,velo_personne
image-516.jpg,train,142.0,107.0,199.0,249.0,velo_personne
image-129.jpg,train,119.0,89.0,208.0,180.0,velo_personne_casque
image-633.jpg,train,159.0,133.0,211.0,210.0,velo_personne
image-633.jpg,train,64.0,97.0,134.0,213.0,velo_personne
image-633.jpg,train,22.0,99.0,83.0,208.0,velo_personne
image-1030.jpg,train,52.0,72.0,229.0,248.0,velo_personne_casque
image-980.jpg,train,90.0,137.0,150.0,235.0,velo_personne
image-236.jpg,train,57.0,176.0,132.0,228.0,velo
image-7.jpg,train,79.0,22.0,155.0,233.0,velo_personne
image-7.jpg,train,199.0,43.0,254.0,212.0,velo_personne
image-926.jpg,train,1.0,75.0,43.0,199.0,velo_personne_casque
image-926.jpg,train,114.0,70.0,161.0,201.0,velo_personne_casque
image-926.jpg,train,177.0,87.0,255.0,249.0,velo_personne_casque
image-1016.jpg,train,99.0,11.0,236.0,163.0,velo
image-1016.jpg,train,9.0,16.0,149.0,163.0,velo
image-837.jpg,train,125.0,81.0,205.0,241.0,velo
image-837.jpg,train,26.0,56.0,95.0,194.0,velo
image-676.jpg,train,1.0,107.0,92.0,234.0,velo_personne
image-676.jpg,train,171.0,120.0,254.0,236.0,velo_personne
image-336.jpg,train,169.0,14.0,245.0,255.0,velo_personne_casque
image-291.jpg,train,77.0,83.0,136.0,250.0,velo_personne_casque
image-291.jpg,train,132.0,74.0,185.0,207.0,velo_personne
image-593.jpg,train,120.0,87.0,203.0,242.0,velo_personne
image-549.jpg,train,35.0,84.0,95.0,209.0,velo_personne
image-547.jpg,train,97.0,119.0,140.0,236.0,velo_personne
image-316.jpg,train,45.0,23.0,122.0,224.0,velo_personne_casque
image-316.jpg,train,160.0,39.0,233.0,220.0,velo_personne_casque
image-190.jpg,train,89.0,83.0,111.0,153.0,velo_personne
image-257.jpg,train,194.0,74.0,229.0,142.0,velo_personne_casque
image-561.jpg,train,82.0,147.0,120.0,244.0,velo_personne
image-561.jpg,train,161.0,145.0,202.0,252.0,velo_personne
image-870.jpg,train,107.0,70.0,206.0,181.0,velo
image-804.jpg,train,-1.0,-1.0,-2.0,-2.0,rien
image-218.jpg,train,-1.0,-1.0,-2.0,-2.0,rien
image-566.jpg,train,189.0,78.0,239.0,211.0,velo_personne_casque
image-70.jpg,train,54.0,75.0,142.0,252.0,velo_personne
image-115.jpg,train,-1.0,-1.0,-2.0,-2.0,rien
image-868.jpg,train,54.0,58.0,224.0,178.0,velo
image-652.jpg,train,94.0,53.0,247.0,251.0,velo_personne
image-627.jpg,train,1.0,65.0,173.0,229.0,velo_personne
image-630.jpg,train,118.0,107.0,163.0,242.0,velo_personne
image-796.jpg,train,-1.0,-1.0,-2.0,-2.0,rien
image-769.jpg,train,57.0,40.0,200.0,232.0,velo_personne
image-769.jpg,train,153.0,34.0,230.0,178.0,velo_personne
image-865.jpg,train,34.0,14.0,198.0,138.0,velo
image-797.jpg,train,-1.0,-1.0,-2.0,-2.0,rien
image-42.jpg,train,31.0,19.0,252.0,242.0,velo_personne
image-45.jpg,train,35.0,153.0,96.0,248.0,velo_personne_casque
image-715.jpg,train,0.0,25.0,168.0,237.0,velo_personne
image-715.jpg,train,189.0,97.0,257.0,172.0,velo_personne
image-659.jpg,train,101.0,12.0,223.0,253.0,velo_personne
image-208.jpg,train,-1.0,-1.0,-2.0,-2.0,rien
image-465.jpg,train,32.0,70.0,133.0,218.0,velo_personne_casque
image-465.jpg,train,179.0,58.0,252.0,221.0,velo_personne_casque
image-36.jpg,train,45.0,32.0,150.0,240.0,velo_personne_casque
image-36.jpg,train,167.0,25.0,254.0,227.0,velo_personne
image-274.jpg,train,54.0,32.0,128.0,251.0,velo_personne
image-274.jpg,train,153.0,48.0,220.0,248.0,velo_personne_casque
image-782.jpg,train,66.0,69.0,143.0,198.0,velo_personne
image-647.jpg,train,46.0,67.0,115.0,198.0,velo_personne
image-647.jpg,train,147.0,62.0,188.0,159.0,velo_personne
image-751.jpg,train,126.0,66.0,191.0,214.0,velo_personne
image-1077.jpg,train,169.0,102.0,214.0,200.0,velo_personne_casque
image-1077.jpg,train,67.0,128.0,146.0,232.0,velo_personne_casque
image-1002.jpg,train,79.0,134.0,245.0,253.0,velo
image-1063.jpg,train,15.0,101.0,114.0,256.0,velo
image-873.jpg,train,47.0,120.0,243.0,216.0,velo
image-727.jpg,train,45.0,24.0,234.0,220.0,velo_personne
image-452.jpg,train,81.0,34.0,255.0,249.0,velo_personne_casque
image-1005.jpg,train,178.0,140.0,205.0,202.0,velo
image-1005.jpg,train,114.0,139.0,147.0,199.0,velo
image-863.jpg,train,60.0,81.0,252.0,242.0,velo
image-1007.jpg,train,87.0,104.0,253.0,233.0,velo
image-1007.jpg,train,27.0,93.0,185.0,207.0,velo
image-943.jpg,train,107.0,147.0,256.0,248.0,velo
image-177.jpg,train,-1.0,-1.0,-2.0,-2.0,rien
image-1097.jpg,train,160.0,75.0,255.0,192.0,velo
image-1097.jpg,train,119.0,90.0,227.0,201.0,velo
image-1097.jpg,train,0.0,81.0,96.0,227.0,velo
image-326.jpg,train,175.0,23.0,255.0,255.0,velo_personne_casque
image-326.jpg,train,1.0,4.0,118.0,254.0,velo_personne_casque
image-1055.jpg,train,124.0,51.0,181.0,188.0,velo_personne_casque
image-985.jpg,train,57.0,146.0,143.0,220.0,velo
image-985.jpg,train,0.0,149.0,57.0,214.0,velo
image-985.jpg,train,144.0,155.0,250.0,239.0,velo
image-370.jpg,train,78.0,19.0,187.0,255.0,velo_personne_casque
image-169.jpg,train,-1.0,-1.0,-2.0,-2.0,rien
image-521.jpg,train,58.0,117.0,100.0,184.0,velo_personne
image-521.jpg,train,122.0,132.0,177.0,193.0,velo_personne
image-521.jpg,train,159.0,144.0,255.0,247.0,velo_personne
image-710.jpg,train,0.0,92.0,88.0,191.0,velo_personne
image-710.jpg,train,178.0,89.0,255.0,187.0,velo_personne
image-898.jpg,train,24.0,79.0,157.0,203.0,velo
image-898.jpg,train,130.0,87.0,241.0,183.0,velo
image-489.jpg,train,166.0,96.0,255.0,250.0,velo_personne_casque
image-1014.jpg,train,163.0,60.0,242.0,244.0,velo_personne
image-11.jpg,train,1.0,63.0,196.0,256.0,velo_personne
image-737.jpg,train,46.0,31.0,229.0,205.0,velo_personne
image-120.jpg,train,-1.0,-1.0,-2.0,-2.0,rien
image-550.jpg,train,4.0,93.0,98.0,256.0,velo_personne
image-748.jpg,train,71.0,53.0,253.0,228.0,velo_personne
image-987.jpg,train,0.0,77.0,131.0,217.0,velo
image-987.jpg,train,106.0,39.0,191.0,127.0,velo
image-987.jpg,train,161.0,44.0,244.0,141.0,velo
image-575.jpg,train,109.0,51.0,235.0,256.0,velo_personne
image-228.jpg,train,-1.0,-1.0,-2.0,-2.0,rien
image-703.jpg,train,132.0,155.0,234.0,254.0,velo_personne
image-306.jpg,train,2.0,34.0,95.0,254.0,velo_personne_casque
image-714.jpg,train,0.0,42.0,85.0,228.0,velo_personne
image-714.jpg,train,170.0,38.0,255.0,245.0,velo_personne
image-1060.jpg,train,127.0,0.0,242.0,256.0,velo_personne_casque
image-476.jpg,train,80.0,36.0,153.0,246.0,velo_personne_casque
image-784.jpg,train,8.0,61.0,171.0,221.0,velo_personne
image-784.jpg,train,142.0,81.0,169.0,152.0,velo_personne_casque
image-6.jpg,train,43.0,1.0,249.0,256.0,velo_personne_casque
image-502.jpg,train,76.0,8.0,203.0,224.0,velo_personne_casque
image-790.jpg,train,-1.0,-1.0,-2.0,-2.0,rien
image-1013.jpg,train,68.0,36.0,225.0,196.0,velo
image-1013.jpg,train,29.0,1.0,100.0,95.0,velo
image-771.jpg,train,3.0,1.0,68.0,36.0,velo
image-771.jpg,train,93.0,0.0,148.0,29.0,velo
image-771.jpg,train,138.0,60.0,241.0,141.0,velo_personne
image-555.jpg,train,139.0,119.0,234.0,242.0,velo_personne
image-834.jpg,train,130.0,61.0,250.0,255.0,velo
image-902.jpg,train,123.0,69.0,215.0,235.0,velo_personne_casque
image-902.jpg,train,37.0,73.0,131.0,216.0,velo_personne_casque
image-808.jpg,train,-1.0,-1.0,-2.0,-2.0,rien
image-320.jpg,train,64.0,31.0,245.0,231.0,velo_personne_casque
image-977.jpg,train,30.0,167.0,126.0,227.0,velo
image-829.jpg,train,1.0,90.0,197.0,243.0,velo
image-829.jpg,train,89.0,74.0,255.0,186.0,velo
image-664.jpg,train,50.0,45.0,212.0,218.0,velo_personne
image-380.jpg,train,42.0,127.0,139.0,224.0,velo_personne_casque
image-387.jpg,train,0.0,45.0,207.0,256.0,velo_personne_casque
image-366.jpg,train,45.0,36.0,116.0,252.0,velo_personne_casque
image-366.jpg,train,149.0,50.0,232.0,251.0,velo_personne_casque
image-638.jpg,train,1.0,39.0,176.0,222.0,velo_personne
image-570.jpg,train,105.0,32.0,254.0,247.0,velo_personne
image-186.jpg,train,65.0,132.0,167.0,252.0,velo_personne
image-864.jpg,train,123.0,6.0,255.0,223.0,velo
image-1044.jpg,train,76.0,165.0,183.0,251.0,velo
image-199.jpg,train,169.0,102.0,248.0,194.0,velo
image-199.jpg,train,107.0,91.0,152.0,150.0,velo
image-265.jpg,train,37.0,55.0,119.0,137.0,velo_personne
image-1047.jpg,train,105.0,89.0,145.0,185.0,velo_personne_casque
image-1047.jpg,train,55.0,49.0,124.0,239.0,velo_personne_casque
image-694.jpg,train,57.0,87.0,106.0,205.0,velo_personne
image-694.jpg,train,138.0,87.0,185.0,209.0,velo_personne
image-764.jpg,train,152.0,131.0,229.0,206.0,velo_personne_casque
image-1032.jpg,train,48.0,125.0,155.0,250.0,velo
image-622.jpg,train,137.0,64.0,179.0,197.0,velo_personne
image-622.jpg,train,67.0,63.0,119.0,202.0,velo_personne
image-622.jpg,train,44.0,62.0,77.0,179.0,velo_personne
image-382.jpg,train,29.0,63.0,106.0,182.0,velo_personne_casque
image-382.jpg,train,196.0,53.0,249.0,154.0,velo_personne_casque
image-773.jpg,train,147.0,120.0,215.0,249.0,velo_personne
image-840.jpg,train,1.0,28.0,193.0,247.0,velo
image-840.jpg,train,29.0,15.0,235.0,218.0,velo
image-992.jpg,train,1.0,113.0,115.0,233.0,velo
image-992.jpg,train,102.0,17.0,255.0,130.0,velo
image-76.jpg,train,57.0,30.0,256.0,249.0,velo_personne_casque
image-524.jpg,train,114.0,51.0,158.0,155.0,velo_personne
image-524.jpg,train,59.0,77.0,125.0,242.0,velo_personne
image-970.jpg,train,51.0,150.0,253.0,255.0,velo
image-1039.jpg,train,11.0,140.0,248.0,240.0,velo
image-739.jpg,train,79.0,7.0,166.0,245.0,velo_personne
image-739.jpg,train,201.0,51.0,255.0,198.0,velo_personne
image-940.jpg,train,8.0,52.0,127.0,166.0,velo
image-644.jpg,train,147.0,87.0,220.0,206.0,velo_personne
image-644.jpg,train,30.0,81.0,156.0,214.0,velo_personne
image-394.jpg,train,99.0,11.0,224.0,250.0,velo_personne_casque
image-349.jpg,train,24.0,29.0,192.0,254.0,velo_personne_casque
image-119.jpg,train,-1.0,-1.0,-2.0,-2.0,rien
image-613.jpg,train,133.0,24.0,208.0,231.0,velo_personne
image-728.jpg,train,120.0,9.0,211.0,256.0,velo_personne
image-390.jpg,train,49.0,23.0,202.0,222.0,velo_personne_casque
image-243.jpg,train,-1.0,-1.0,-2.0,-2.0,rien
image-536.jpg,train,122.0,86.0,159.0,176.0,velo_personne
image-406.jpg,train,11.0,47.0,86.0,239.0,velo_personne_casque
image-406.jpg,train,83.0,41.0,162.0,244.0,velo_personne_casque
image-330.jpg,train,141.0,20.0,248.0,237.0,velo_personne_casque
image-330.jpg,train,22.0,37.0,134.0,217.0,velo_personne_casque
image-260.jpg,train,87.0,46.0,151.0,147.0,velo_personne_casque
image-75.jpg,train,63.0,29.0,255.0,221.0,velo_personne_casque
image-303.jpg,train,125.0,78.0,198.0,255.0,velo_personne_casque
image-303.jpg,train,16.0,78.0,85.0,255.0,velo_personne_casque
image-303.jpg,train,85.0,82.0,122.0,225.0,velo_personne_casque
image-1051.jpg,train,78.0,80.0,140.0,221.0,velo_personne_casque
image-66.jpg,train,62.0,57.0,182.0,255.0,velo_personne_casque
image-1008.jpg,train,129.0,90.0,248.0,179.0,velo
image-841.jpg,train,0.0,56.0,198.0,235.0,velo
image-841.jpg,train,158.0,10.0,256.0,97.0,velo
image-409.jpg,train,89.0,137.0,150.0,210.0,velo_personne_casque
image-471.jpg,train,60.0,25.0,252.0,236.0,velo_personne_casque
image-430.jpg,train,121.0,121.0,156.0,228.0,velo_personne_casque
image-294.jpg,train,8.0,13.0,171.0,254.0,velo_personne_casque
image-821.jpg,train,159.0,175.0,248.0,255.0,velo
image-821.jpg,train,2.0,169.0,65.0,214.0,velo
image-1017.jpg,train,41.0,136.0,254.0,256.0,velo
image-227.jpg,train,26.0,170.0,85.0,231.0,velo_personne
image-181.jpg,train,11.0,133.0,28.0,172.0,velo_personne_casque
image-982.jpg,train,178.0,113.0,256.0,234.0,velo
image-982.jpg,train,64.0,97.0,152.0,189.0,velo
image-982.jpg,train,11.0,89.0,70.0,151.0,velo
image-38.jpg,train,32.0,123.0,73.0,220.0,velo_personne_casque
image-38.jpg,train,135.0,91.0,188.0,216.0,velo_personne
image-284.jpg,train,59.0,137.0,125.0,236.0,velo_personne
image-284.jpg,train,106.0,132.0,170.0,229.0,velo_personne_casque
image-620.jpg,train,130.0,49.0,187.0,207.0,velo_personne
image-1100.jpg,train,28.0,70.0,253.0,232.0,velo
image-713.jpg,train,79.0,55.0,139.0,216.0,velo_personne
image-713.jpg,train,6.0,40.0,73.0,237.0,velo_personne
image-388.jpg,train,54.0,17.0,257.0,255.0,velo_personne_casque
image-241.jpg,train,58.0,156.0,93.0,177.0,velo
image-1022.jpg,train,71.0,31.0,139.0,158.0,velo_personne_casque
image-1022.jpg,train,111.0,25.0,227.0,213.0,velo_personne_casque
image-928.jpg,train,2.0,73.0,97.0,173.0,velo_personne_casque
image-928.jpg,train,122.0,59.0,206.0,170.0,velo_personne_casque
image-928.jpg,train,188.0,71.0,243.0,155.0,velo_personne_casque
image-107.jpg,train,97.0,91.0,153.0,255.0,velo
image-716.jpg,train,108.0,79.0,174.0,254.0,velo_personne
image-89.jpg,train,19.0,44.0,143.0,256.0,velo_personne_casque
image-89.jpg,train,133.0,29.0,226.0,256.0,velo_personne_casque
image-468.jpg,train,129.0,47.0,203.0,248.0,velo_personne_casque
image-468.jpg,train,62.0,46.0,131.0,243.0,velo_personne_casque
image-68.jpg,train,149.0,6.0,251.0,255.0,velo_personne
image-1079.jpg,train,47.0,115.0,167.0,246.0,velo
image-1057.jpg,train,67.0,38.0,183.0,123.0,velo
image-950.jpg,train,105.0,42.0,180.0,157.0,velo
image-950.jpg,train,40.0,43.0,106.0,151.0,velo
image-533.jpg,train,163.0,51.0,243.0,254.0,velo_personne
image-525.jpg,train,40.0,19.0,120.0,236.0,velo_personne
image-525.jpg,train,158.0,21.0,231.0,230.0,velo_personne
image-481.jpg,train,29.0,62.0,105.0,149.0,velo_personne_casque
image-481.jpg,train,153.0,58.0,254.0,175.0,velo_personne_casque
image-341.jpg,train,66.0,37.0,166.0,254.0,velo_personne_casque
image-346.jpg,train,2.0,113.0,73.0,253.0,velo_personne_casque
image-346.jpg,train,77.0,112.0,114.0,219.0,velo_personne_casque
image-346.jpg,train,143.0,103.0,183.0,219.0,velo_personne_casque
image-346.jpg,train,187.0,100.0,238.0,247.0,velo_personne_casque
image-1099.jpg,train,23.0,87.0,240.0,228.0,velo
image-914.jpg,train,66.0,131.0,144.0,217.0,velo
image-292.jpg,train,105.0,50.0,153.0,177.0,velo_personne_casque
image-292.jpg,train,1.0,53.0,73.0,253.0,velo_personne_casque
image-273.jpg,train,1.0,145.0,91.0,238.0,velo_personne
image-273.jpg,train,61.0,135.0,148.0,224.0,velo_personne
image-273.jpg,train,163.0,152.0,254.0,225.0,velo_personne_casque
image-735.jpg,train,45.0,67.0,118.0,233.0,velo_personne
image-735.jpg,train,144.0,45.0,211.0,222.0,velo_personne
image-240.jpg,train,1.0,87.0,188.0,256.0,velo_personne
image-103.jpg,train,-1.0,-1.0,-2.0,-2.0,rien
image-170.jpg,train,88.0,104.0,221.0,183.0,velo
image-170.jpg,train,47.0,131.0,221.0,254.0,velo
image-433.jpg,train,133.0,30.0,196.0,214.0,velo_personne_casque
image-1012.jpg,train,110.0,119.0,146.0,242.0,velo_personne_casque
image-494.jpg,train,6.0,35.0,120.0,254.0,velo_personne_casque
image-833.jpg,train,3.0,9.0,228.0,143.0,velo
image-991.jpg,train,84.0,98.0,140.0,245.0,velo_personne_casque
image-245.jpg,train,184.0,78.0,231.0,181.0,velo_personne
image-1011.jpg,train,0.0,18.0,193.0,256.0,velo
image-568.jpg,train,111.0,77.0,157.0,162.0,velo_personne
image-560.jpg,train,39.0,1.0,170.0,254.0,velo_personne
image-558.jpg,train,68.0,38.0,254.0,221.0,velo_personne
image-232.jpg,train,1.0,71.0,56.0,253.0,velo_personne_casque
image-232.jpg,train,155.0,65.0,190.0,106.0,velo_personne
image-232.jpg,train,125.0,71.0,145.0,122.0,velo_personne
image-276.jpg,train,25.0,53.0,134.0,256.0,velo_personne_casque
image-276.jpg,train,113.0,1.0,189.0,229.0,velo_personne
image-1058.jpg,train,4.0,132.0,135.0,255.0,velo
image-590.jpg,train,69.0,25.0,256.0,254.0,velo_personne
image-690.jpg,train,83.0,48.0,170.0,255.0,velo_personne
image-908.jpg,train,118.0,55.0,158.0,182.0,velo_personne
image-510.jpg,train,92.0,39.0,255.0,222.0,velo_personne_casque
image-492.jpg,train,110.0,58.0,188.0,235.0,velo_personne_casque
image-687.jpg,train,80.0,62.0,199.0,187.0,velo_personne
image-359.jpg,train,5.0,106.0,50.0,221.0,velo_personne_casque
image-359.jpg,train,87.0,110.0,116.0,215.0,velo_personne_casque
image-359.jpg,train,113.0,75.0,167.0,233.0,velo_personne_casque
image-359.jpg,train,178.0,71.0,235.0,224.0,velo_personne_casque
image-854.jpg,train,20.0,104.0,81.0,231.0,velo
image-854.jpg,train,127.0,94.0,206.0,202.0,velo
image-69.jpg,train,53.0,57.0,254.0,221.0,velo_personne
image-564.jpg,train,1.0,35.0,176.0,256.0,velo_personne
image-564.jpg,train,133.0,47.0,256.0,221.0,velo_personne
image-998.jpg,train,47.0,19.0,244.0,144.0,velo
image-182.jpg,train,157.0,5.0,191.0,54.0,velo_personne_casque
image-44.jpg,train,129.0,85.0,199.0,218.0,velo_personne_casque
image-581.jpg,train,15.0,71.0,59.0,192.0,velo_personne
image-581.jpg,train,93.0,70.0,140.0,195.0,velo_personne
image-581.jpg,train,168.0,67.0,211.0,195.0,velo_personne
image-953.jpg,train,91.0,63.0,206.0,230.0,velo
image-488.jpg,train,88.0,131.0,122.0,220.0,velo_personne_casque
image-488.jpg,train,147.0,128.0,187.0,216.0,velo_personne_casque
image-731.jpg,train,59.0,41.0,244.0,240.0,velo_personne
image-368.jpg,train,82.0,57.0,199.0,255.0,velo_personne_casque
image-1020.jpg,train,102.0,51.0,239.0,229.0,velo
image-1020.jpg,train,27.0,46.0,65.0,130.0,velo
image-1020.jpg,train,57.0,47.0,122.0,160.0,velo
image-1108.jpg,train,13.0,46.0,151.0,256.0,velo
image-333.jpg,train,8.0,16.0,202.0,254.0,velo_personne_casque
image-871.jpg,train,1.0,70.0,55.0,214.0,velo
image-871.jpg,train,60.0,47.0,141.0,172.0,velo
image-871.jpg,train,143.0,48.0,248.0,164.0,velo
image-325.jpg,train,80.0,74.0,242.0,243.0,velo_personne_casque
image-1053.jpg,train,31.0,145.0,128.0,203.0,velo
image-1053.jpg,train,136.0,142.0,233.0,201.0,velo
image-493.jpg,train,30.0,61.0,106.0,255.0,velo_personne_casque
image-1028.jpg,train,17.0,29.0,250.0,225.0,velo
image-944.jpg,train,81.0,120.0,154.0,174.0,velo
image-944.jpg,train,59.0,110.0,98.0,143.0,velo
image-455.jpg,train,34.0,40.0,213.0,220.0,velo_personne_casque
image-1075.jpg,train,149.0,124.0,234.0,244.0,velo
image-1075.jpg,train,36.0,108.0,78.0,158.0,velo
image-842.jpg,train,121.0,18.0,195.0,166.0,velo
image-1103.jpg,train,57.0,95.0,155.0,223.0,velo
image-78.jpg,train,2.0,8.0,125.0,237.0,velo_personne
image-407.jpg,train,112.0,90.0,257.0,257.0,velo_personne_casque
image-853.jpg,train,111.0,38.0,242.0,255.0,velo
image-922.jpg,train,39.0,172.0,146.0,246.0,velo
image-922.jpg,train,110.0,169.0,217.0,242.0,velo
image-968.jpg,train,-1.0,-1.0,-2.0,-2.0,rien
image-1068.jpg,train,206.0,83.0,239.0,188.0,velo_personne
image-1068.jpg,train,163.0,72.0,206.0,208.0,velo_personne
image-1068.jpg,train,107.0,92.0,147.0,194.0,velo_personne
image-1068.jpg,train,60.0,69.0,107.0,215.0,velo_personne
image-99.jpg,train,32.0,55.0,109.0,237.0,velo_personne
image-99.jpg,train,130.0,63.0,203.0,236.0,velo_personne
image-99.jpg,train,191.0,81.0,244.0,226.0,velo_personne
image-700.jpg,train,157.0,7.0,252.0,256.0,velo_personne
image-700.jpg,train,38.0,21.0,122.0,256.0,velo_personne
image-482.jpg,train,8.0,41.0,173.0,228.0,velo_personne_casque
image-877.jpg,train,10.0,86.0,199.0,215.0,velo
image-927.jpg,train,45.0,75.0,256.0,222.0,velo
image-204.jpg,train,143.0,115.0,176.0,169.0,velo
image-143.jpg,train,95.0,48.0,145.0,89.0,velo
image-1106.jpg,train,44.0,94.0,156.0,176.0,velo
image-986.jpg,train,0.0,71.0,159.0,218.0,velo
image-986.jpg,train,121.0,90.0,256.0,201.0,velo
image-1105.jpg,train,27.0,49.0,228.0,200.0,velo
image-375.jpg,train,8.0,68.0,61.0,217.0,velo_personne_casque
image-375.jpg,train,72.0,73.0,114.0,205.0,velo_personne_casque
image-375.jpg,train,149.0,65.0,208.0,223.0,velo_personne_casque
image-1076.jpg,train,94.0,105.0,203.0,229.0,velo
image-408.jpg,train,16.0,83.0,132.0,243.0,velo_personne_casque
image-408.jpg,train,221.0,89.0,252.0,162.0,velo_personne_casque
image-192.jpg,train,85.0,113.0,114.0,184.0,velo_personne
image-983.jpg,train,44.0,29.0,117.0,166.0,velo
image-983.jpg,train,90.0,50.0,158.0,164.0,velo
image-983.jpg,train,124.0,41.0,196.0,156.0,velo
image-290.jpg,train,1.0,66.0,85.0,256.0,velo_personne_casque
image-290.jpg,train,194.0,86.0,254.0,232.0,velo_personne
image-736.jpg,train,9.0,37.0,98.0,256.0,velo_personne
image-736.jpg,train,159.0,20.0,255.0,256.0,velo_personne
image-608.jpg,train,103.0,37.0,157.0,180.0,velo_personne
image-608.jpg,train,157.0,49.0,202.0,175.0,velo_personne
image-10.jpg,train,1.0,40.0,255.0,246.0,velo_personne
image-729.jpg,train,21.0,83.0,108.0,254.0,velo_personne
image-431.jpg,train,80.0,79.0,255.0,252.0,velo_personne_casque
image-1092.jpg,train,136.0,61.0,241.0,233.0,velo_personne_casque
image-1092.jpg,train,37.0,55.0,120.0,234.0,velo_personne_casque
image-681.jpg,train,65.0,122.0,134.0,255.0,velo_personne
image-783.jpg,train,116.0,59.0,157.0,138.0,velo_personne
image-783.jpg,train,23.0,65.0,109.0,210.0,velo_personne
image-677.jpg,train,0.0,94.0,110.0,246.0,velo_personne
image-677.jpg,train,187.0,140.0,213.0,185.0,velo
image-677.jpg,train,214.0,139.0,251.0,192.0,velo
image-800.jpg,train,-1.0,-1.0,-2.0,-2.0,rien
image-636.jpg,train,0.0,110.0,125.0,221.0,velo
image-636.jpg,train,139.0,37.0,240.0,255.0,velo_personne
image-65.jpg,train,24.0,89.0,52.0,160.0,velo_personne_casque
image-65.jpg,train,103.0,88.0,154.0,154.0,velo_personne_casque
image-65.jpg,train,31.0,175.0,87.0,246.0,velo_personne_casque
image-466.jpg,train,27.0,11.0,253.0,245.0,velo_personne_casque
image-0.jpg,train,15.0,19.0,240.0,254.0,velo_personne_casque
image-324.jpg,train,18.0,25.0,235.0,251.0,velo_personne_casque
image-887.jpg,train,47.0,155.0,188.0,255.0,velo
image-84.jpg,train,107.0,91.0,169.0,246.0,velo_personne_casque
image-598.jpg,train,86.0,28.0,253.0,245.0,velo_personne
image-929.jpg,train,178.0,71.0,237.0,205.0,velo_personne_casque
image-929.jpg,train,90.0,78.0,142.0,189.0,velo_personne_casque
image-929.jpg,train,15.0,91.0,58.0,181.0,velo_personne_casque
image-929.jpg,train,59.0,93.0,91.0,179.0,velo_personne_casque
image-229.jpg,train,17.0,124.0,60.0,173.0,velo_personne
image-229.jpg,train,40.0,128.0,86.0,176.0,velo_personne
image-180.jpg,train,99.0,93.0,124.0,159.0,velo_personne_casque
image-98.jpg,train,86.0,28.0,255.0,252.0,velo_personne_casque
image-960.jpg,train,52.0,75.0,219.0,243.0,velo
image-852.jpg,train,160.0,154.0,232.0,242.0,velo
image-852.jpg,train,113.0,148.0,195.0,241.0,velo
image-852.jpg,train,84.0,149.0,165.0,239.0,velo
image-696.jpg,train,53.0,80.0,95.0,208.0,velo_personne
image-696.jpg,train,99.0,1.0,202.0,256.0,velo_personne
image-696.jpg,train,189.0,111.0,236.0,196.0,velo
image-892.jpg,train,47.0,49.0,133.0,198.0,velo
image-831.jpg,train,151.0,97.0,205.0,237.0,velo_personne
image-625.jpg,train,145.0,84.0,224.0,232.0,velo_personne
image-1112.jpg,train,119.0,133.0,187.0,177.0,velo
image-1112.jpg,train,199.0,126.0,252.0,176.0,velo
image-583.jpg,train,22.0,89.0,136.0,218.0,velo_personne
image-779.jpg,train,15.0,113.0,121.0,254.0,velo_personne
image-779.jpg,train,1.0,106.0,45.0,204.0,velo_personne
image-878.jpg,train,88.0,1.0,255.0,166.0,velo
image-810.jpg,train,-1.0,-1.0,-2.0,-2.0,rien
image-817.jpg,train,88.0,42.0,179.0,119.0,velo_personne_casque
image-817.jpg,train,115.0,91.0,233.0,164.0,velo_personne_casque
image-314.jpg,train,121.0,112.0,179.0,219.0,velo_personne_casque
image-314.jpg,train,59.0,106.0,115.0,205.0,velo_personne_casque
image-749.jpg,train,66.0,58.0,241.0,224.0,velo_personne
image-156.jpg,train,197.0,19.0,251.0,105.0,velo_personne_casque
image-189.jpg,train,27.0,68.0,150.0,157.0,velo
image-706.jpg,train,82.0,9.0,248.0,251.0,velo_personne
image-203.jpg,train,-1.0,-1.0,-2.0,-2.0,rien
image-281.jpg,train,57.0,18.0,138.0,249.0,velo_personne_casque
image-281.jpg,train,191.0,37.0,236.0,174.0,velo_personne
image-31.jpg,train,1.0,101.0,102.0,216.0,velo_personne_casque
image-31.jpg,train,87.0,114.0,234.0,249.0,velo_personne_casque
image-31.jpg,train,122.0,100.0,255.0,227.0,velo_personne_casque
image-890.jpg,train,6.0,135.0,98.0,223.0,velo_personne_casque
image-890.jpg,train,119.0,136.0,207.0,220.0,velo_personne_casque
image-780.jpg,train,6.0,37.0,37.0,80.0,velo
image-780.jpg,train,71.0,1.0,196.0,256.0,velo_personne
image-899.jpg,train,1.0,147.0,98.0,232.0,velo
image-899.jpg,train,167.0,147.0,255.0,232.0,velo
image-603.jpg,train,58.0,36.0,254.0,243.0,velo_personne
image-707.jpg,train,63.0,56.0,126.0,225.0,velo_personne
image-915.jpg,train,40.0,71.0,100.0,246.0,velo_personne_casque
image-915.jpg,train,85.0,48.0,167.0,256.0,velo_personne_casque
image-334.jpg,train,37.0,2.0,241.0,254.0,velo_personne_casque
image-754.jpg,train,89.0,61.0,153.0,252.0,velo_personne
image-422.jpg,train,65.0,93.0,109.0,197.0,velo_personne_casque
image-422.jpg,train,117.0,80.0,176.0,215.0,velo_personne_casque
image-422.jpg,train,146.0,43.0,215.0,230.0,velo_personne_casque
image-255.jpg,train,56.0,170.0,122.0,233.0,velo_personne
image-803.jpg,train,203.0,172.0,242.0,203.0,velo
image-803.jpg,train,165.0,166.0,195.0,196.0,velo
image-269.jpg,train,0.0,60.0,105.0,179.0,velo_personne_casque
image-269.jpg,train,145.0,54.0,255.0,189.0,velo_personne
image-1033.jpg,train,11.0,53.0,91.0,233.0,velo
image-1033.jpg,train,155.0,41.0,256.0,241.0,velo
image-893.jpg,train,2.0,63.0,105.0,166.0,velo
image-893.jpg,train,107.0,77.0,247.0,221.0,velo
image-163.jpg,train,78.0,58.0,100.0,85.0,velo
image-378.jpg,train,1.0,39.0,149.0,216.0,velo_personne_casque
image-835.jpg,train,35.0,18.0,215.0,133.0,velo
image-835.jpg,train,44.0,136.0,221.0,253.0,velo
image-579.jpg,train,167.0,65.0,238.0,255.0,velo_personne
image-1101.jpg,train,42.0,99.0,75.0,180.0,velo_personne
image-1101.jpg,train,92.0,108.0,127.0,193.0,velo_personne
image-1101.jpg,train,131.0,107.0,162.0,188.0,velo_personne
image-93.jpg,train,91.0,59.0,252.0,247.0,velo_personne_casque
image-168.jpg,train,-1.0,-1.0,-2.0,-2.0,rien
image-1015.jpg,train,65.0,100.0,177.0,246.0,velo_personne_casque
image-565.jpg,train,35.0,28.0,224.0,221.0,velo_personne
image-628.jpg,train,45.0,82.0,107.0,219.0,velo_personne
image-628.jpg,train,122.0,95.0,167.0,224.0,velo_personne
image-628.jpg,train,172.0,85.0,221.0,232.0,velo_personne
image-87.jpg,train,1.0,125.0,97.0,220.0,velo_personne_casque
image-87.jpg,train,99.0,23.0,235.0,232.0,velo_personne_casque
image-193.jpg,train,-1.0,-1.0,-2.0,-2.0,rien
image-220.jpg,train,89.0,135.0,196.0,248.0,velo_personne
image-220.jpg,train,4.0,171.0,85.0,227.0,velo
image-338.jpg,train,73.0,85.0,205.0,218.0,velo_personne_casque
image-918.jpg,train,136.0,123.0,247.0,248.0,velo_personne
image-918.jpg,train,67.0,134.0,168.0,240.0,velo_personne
image-472.jpg,train,83.0,64.0,147.0,235.0,velo_personne_casque
image-472.jpg,train,198.0,79.0,253.0,234.0,velo_personne_casque
image-942.jpg,train,55.0,110.0,166.0,186.0,velo
image-989.jpg,train,14.0,53.0,194.0,213.0,velo
image-989.jpg,train,0.0,60.0,168.0,207.0,velo
image-975.jpg,train,8.0,172.0,42.0,231.0,velo_personne
image-975.jpg,train,74.0,144.0,252.0,256.0,velo
image-318.jpg,train,26.0,57.0,174.0,234.0,velo_personne_casque
image-461.jpg,train,11.0,46.0,172.0,221.0,velo_personne_casque
image-473.jpg,train,149.0,42.0,217.0,239.0,velo_personne_casque
image-473.jpg,train,2.0,8.0,112.0,254.0,velo_personne_casque
image-4.jpg,train,1.0,43.0,254.0,256.0,velo_personne
image-753.jpg,train,61.0,54.0,193.0,188.0,velo_personne
image-86.jpg,train,1.0,85.0,101.0,246.0,velo_personne_casque
image-86.jpg,train,25.0,100.0,150.0,216.0,velo_personne
image-86.jpg,train,170.0,96.0,255.0,216.0,velo_personne
image-907.jpg,train,25.0,57.0,89.0,256.0,velo_personne_casque
image-246.jpg,train,150.0,110.0,241.0,247.0,velo_personne
image-246.jpg,train,109.0,111.0,150.0,192.0,velo_personne
image-537.jpg,train,77.0,122.0,228.0,255.0,velo_personne
image-787.jpg,train,19.0,93.0,202.0,256.0,velo
image-734.jpg,train,27.0,60.0,73.0,200.0,velo_personne
image-734.jpg,train,81.0,62.0,129.0,203.0,velo_personne
image-653.jpg,train,46.0,17.0,137.0,244.0,velo_personne
image-653.jpg,train,158.0,25.0,233.0,220.0,velo_personne
image-969.jpg,train,1.0,151.0,106.0,234.0,velo
image-969.jpg,train,121.0,145.0,255.0,244.0,velo
image-1083.jpg,train,199.0,0.0,252.0,132.0,velo_personne_casque
image-1083.jpg,train,114.0,11.0,176.0,159.0,velo_personne_casque
image-1083.jpg,train,17.0,44.0,78.0,210.0,velo_personne_casque
image-705.jpg,train,18.0,39.0,127.0,256.0,velo_personne
image-705.jpg,train,171.0,13.0,256.0,256.0,velo_personne
image-446.jpg,train,6.0,116.0,65.0,252.0,velo_personne_casque
image-446.jpg,train,100.0,129.0,158.0,255.0,velo_personne_casque
image-446.jpg,train,197.0,135.0,253.0,255.0,velo_personne_casque
image-487.jpg,train,12.0,82.0,83.0,225.0,velo_personne_casque
image-487.jpg,train,96.0,82.0,148.0,211.0,velo_personne_casque
image-882.jpg,train,33.0,68.0,245.0,240.0,velo
image-882.jpg,train,1.0,59.0,182.0,205.0,velo
image-544.jpg,train,110.0,35.0,242.0,242.0,velo_personne
image-544.jpg,train,6.0,41.0,53.0,139.0,velo_personne
image-364.jpg,train,65.0,81.0,128.0,228.0,velo_personne_casque
image-48.jpg,train,28.0,48.0,145.0,212.0,velo_personne
image-384.jpg,train,133.0,41.0,205.0,238.0,velo_personne_casque
image-309.jpg,train,86.0,85.0,177.0,221.0,velo_personne_casque
image-309.jpg,train,6.0,115.0,101.0,249.0,velo_personne_casque
image-445.jpg,train,33.0,81.0,72.0,206.0,velo_personne_casque
image-445.jpg,train,97.0,88.0,138.0,202.0,velo_personne_casque
image-445.jpg,train,187.0,84.0,240.0,214.0,velo_personne_casque
image-935.jpg,train,86.0,92.0,187.0,188.0,velo
image-1070.jpg,train,121.0,69.0,255.0,255.0,velo
image-1070.jpg,train,75.0,69.0,204.0,255.0,velo
image-1070.jpg,train,14.0,70.0,117.0,255.0,velo
image-845.jpg,train,65.0,77.0,172.0,184.0,velo_personne
image-578.jpg,train,9.0,85.0,87.0,248.0,velo_personne
image-578.jpg,train,159.0,81.0,230.0,246.0,velo_personne
image-519.jpg,train,18.0,47.0,236.0,252.0,velo_personne
image-792.jpg,train,55.0,73.0,254.0,244.0,velo
image-789.jpg,train,-1.0,-1.0,-2.0,-2.0,rien
image-81.jpg,train,164.0,71.0,241.0,244.0,velo_personne
image-81.jpg,train,61.0,69.0,111.0,202.0,velo_personne
image-81.jpg,train,14.0,71.0,53.0,175.0,velo_personne
image-81.jpg,train,90.0,64.0,129.0,179.0,velo_personne
image-879.jpg,train,85.0,56.0,248.0,211.0,velo
image-811.jpg,train,-1.0,-1.0,-2.0,-2.0,rien
image-385.jpg,train,91.0,36.0,166.0,235.0,velo_personne_casque
image-744.jpg,train,75.0,58.0,222.0,209.0,velo_personne
image-212.jpg,train,61.0,41.0,251.0,236.0,velo
image-651.jpg,train,171.0,83.0,230.0,119.0,velo
image-651.jpg,train,4.0,28.0,157.0,211.0,velo_personne
image-271.jpg,train,1.0,103.0,72.0,186.0,velo_personne_casque
image-271.jpg,train,80.0,99.0,151.0,213.0,velo_personne
image-271.jpg,train,159.0,102.0,254.0,249.0,velo_personne
image-1043.jpg,train,3.0,156.0,114.0,229.0,velo
image-478.jpg,train,164.0,101.0,248.0,223.0,velo_personne_casque
image-478.jpg,train,111.0,112.0,184.0,202.0,velo_personne_casque
image-601.jpg,train,1.0,29.0,68.0,254.0,velo_personne
image-601.jpg,train,137.0,35.0,246.0,255.0,velo_personne
image-55.jpg,train,47.0,60.0,222.0,235.0,velo_personne
image-379.jpg,train,107.0,55.0,221.0,200.0,velo_personne_casque
image-379.jpg,train,5.0,64.0,56.0,163.0,velo_personne_casque
image-459.jpg,train,126.0,1.0,248.0,255.0,velo_personne_casque
image-434.jpg,train,93.0,75.0,254.0,248.0,velo_personne_casque
image-178.jpg,train,136.0,70.0,164.0,115.0,velo_personne_casque
image-856.jpg,train,19.0,50.0,113.0,167.0,velo
image-856.jpg,train,139.0,43.0,254.0,185.0,velo
image-381.jpg,train,69.0,33.0,183.0,226.0,velo_personne_casque
image-1034.jpg,train,88.0,44.0,235.0,246.0,velo
image-280.jpg,train,53.0,51.0,162.0,198.0,velo_personne
image-280.jpg,train,166.0,13.0,251.0,197.0,velo_personne_casque
image-648.jpg,train,59.0,17.0,123.0,194.0,velo_personne
image-648.jpg,train,125.0,24.0,195.0,190.0,velo_personne
image-807.jpg,train,-1.0,-1.0,-2.0,-2.0,rien
image-530.jpg,train,22.0,74.0,82.0,239.0,velo_personne
image-530.jpg,train,130.0,78.0,190.0,233.0,velo_personne
image-719.jpg,train,61.0,34.0,148.0,255.0,velo_personne
image-1037.jpg,train,69.0,76.0,144.0,249.0,velo_personne_casque
image-978.jpg,train,30.0,81.0,255.0,230.0,velo
image-978.jpg,train,0.0,65.0,214.0,200.0,velo
image-1006.jpg,train,155.0,102.0,247.0,227.0,velo_personne
image-386.jpg,train,47.0,21.0,128.0,242.0,velo_personne_casque
image-1027.jpg,train,170.0,106.0,241.0,236.0,velo
image-1027.jpg,train,58.0,113.0,131.0,243.0,velo
image-267.jpg,train,111.0,91.0,160.0,148.0,velo_personne
image-267.jpg,train,150.0,82.0,245.0,207.0,velo_personne_casque
image-275.jpg,train,124.0,119.0,159.0,202.0,velo_personne
image-275.jpg,train,160.0,121.0,198.0,228.0,velo_personne_casque
image-275.jpg,train,207.0,119.0,234.0,190.0,velo_personne_casque
image-210.jpg,train,133.0,83.0,248.0,256.0,velo
image-124.jpg,train,83.0,31.0,128.0,126.0,velo_personne_casque
image-427.jpg,train,155.0,90.0,220.0,220.0,velo_personne_casque
image-183.jpg,train,2.0,69.0,75.0,189.0,velo_personne_casque
image-883.jpg,train,21.0,65.0,198.0,234.0,velo
image-396.jpg,train,109.0,29.0,188.0,255.0,velo_personne_casque
image-141.jpg,train,62.0,23.0,121.0,139.0,velo_personne
image-724.jpg,train,112.0,95.0,179.0,211.0,velo_personne
image-738.jpg,train,67.0,74.0,231.0,241.0,velo_personne
image-62.jpg,train,89.0,33.0,156.0,252.0,velo_personne
image-62.jpg,train,178.0,55.0,246.0,254.0,velo_personne
image-67.jpg,train,157.0,10.0,226.0,225.0,velo_personne
image-697.jpg,train,35.0,21.0,219.0,233.0,velo_personne
image-1072.jpg,train,64.0,7.0,164.0,255.0,velo_personne_casque
image-1072.jpg,train,179.0,26.0,255.0,241.0,velo_personne_casque
image-813.jpg,train,-1.0,-1.0,-2.0,-2.0,rien
image-362.jpg,train,27.0,7.0,255.0,246.0,velo_personne_casque
image-911.jpg,train,3.0,68.0,182.0,215.0,velo
image-904.jpg,train,142.0,140.0,205.0,210.0,velo
image-185.jpg,train,187.0,134.0,207.0,170.0,velo_personne
image-185.jpg,train,217.0,130.0,235.0,160.0,velo_personne
image-28.jpg,train,14.0,88.0,124.0,211.0,velo_personne_casque
image-28.jpg,train,168.0,77.0,255.0,205.0,velo_personne_casque
image-1040.jpg,train,121.0,77.0,243.0,223.0,velo
image-824.jpg,train,81.0,135.0,189.0,255.0,velo
image-824.jpg,train,165.0,137.0,239.0,228.0,velo
image-58.jpg,train,1.0,21.0,158.0,218.0,velo_personne
image-949.jpg,train,14.0,30.0,252.0,214.0,velo
image-855.jpg,train,21.0,75.0,213.0,256.0,velo
image-976.jpg,train,38.0,88.0,256.0,256.0,velo
image-760.jpg,train,15.0,74.0,76.0,227.0,velo_personne_casque
image-938.jpg,train,95.0,120.0,238.0,257.0,velo
image-360.jpg,train,125.0,4.0,253.0,232.0,velo_personne_casque
image-439.jpg,train,80.0,42.0,161.0,247.0,velo_personne_casque
image-746.jpg,train,77.0,108.0,197.0,215.0,velo_personne
image-479.jpg,train,87.0,65.0,254.0,238.0,velo_personne_casque
image-623.jpg,train,1.0,33.0,195.0,250.0,velo_personne
image-233.jpg,train,60.0,148.0,105.0,224.0,velo_personne
image-233.jpg,train,102.0,133.0,141.0,218.0,velo_personne
image-122.jpg,train,26.0,72.0,71.0,111.0,velo
image-122.jpg,train,95.0,74.0,149.0,119.0,velo
image-122.jpg,train,154.0,84.0,203.0,125.0,velo
image-757.jpg,train,121.0,167.0,202.0,255.0,velo_personne_casque
image-196.jpg,train,166.0,55.0,235.0,182.0,velo
image-196.jpg,train,9.0,11.0,27.0,59.0,velo_personne_casque
image-196.jpg,train,34.0,17.0,50.0,39.0,velo
image-692.jpg,train,154.0,25.0,242.0,185.0,velo_personne
image-440.jpg,train,48.0,46.0,133.0,237.0,velo_personne_casque
image-440.jpg,train,138.0,67.0,182.0,214.0,velo_personne_casque
image-440.jpg,train,173.0,60.0,225.0,207.0,velo_personne_casque
image-259.jpg,train,-1.0,-1.0,-2.0,-2.0,rien
image-1024.jpg,train,4.0,97.0,82.0,224.0,velo
image-1024.jpg,train,39.0,81.0,157.0,207.0,velo
image-1024.jpg,train,64.0,93.0,182.0,227.0,velo
image-110.jpg,train,166.0,20.0,223.0,159.0,velo_personne_casque
image-495.jpg,train,55.0,14.0,148.0,254.0,velo_personne_casque
image-495.jpg,train,143.0,58.0,208.0,221.0,velo_personne_casque
image-843.jpg,train,90.0,79.0,232.0,232.0,velo
image-574.jpg,train,1.0,54.0,163.0,236.0,velo_personne
image-770.jpg,train,165.0,101.0,226.0,155.0,velo
image-770.jpg,train,1.0,88.0,32.0,131.0,velo
image-770.jpg,train,39.0,69.0,126.0,256.0,velo_personne
image-770.jpg,train,104.0,71.0,177.0,232.0,velo_personne
image-691.jpg,train,83.0,73.0,186.0,254.0,velo_personne
image-691.jpg,train,29.0,76.0,104.0,224.0,velo_personne
image-311.jpg,train,46.0,13.0,179.0,227.0,velo_personne_casque
image-932.jpg,train,3.0,129.0,147.0,238.0,velo
image-932.jpg,train,138.0,147.0,255.0,238.0,velo
image-323.jpg,train,135.0,53.0,201.0,215.0,velo_personne_casque
image-323.jpg,train,56.0,62.0,106.0,208.0,velo_personne_casque
image-964.jpg,train,78.0,174.0,203.0,257.0,velo
image-9.jpg,train,15.0,43.0,210.0,235.0,velo_personne
image-540.jpg,train,46.0,135.0,139.0,255.0,velo_personne
image-540.jpg,train,191.0,129.0,229.0,213.0,velo_personne
image-1062.jpg,train,13.0,74.0,140.0,219.0,velo_personne_casque
image-1062.jpg,train,162.0,55.0,252.0,220.0,velo_personne_casque
image-836.jpg,train,69.0,92.0,179.0,226.0,velo
image-836.jpg,train,162.0,107.0,228.0,193.0,velo
image-166.jpg,train,79.0,83.0,201.0,163.0,velo
image-166.jpg,train,69.0,95.0,177.0,173.0,velo
image-562.jpg,train,127.0,72.0,180.0,237.0,velo_personne
image-1066.jpg,train,123.0,53.0,228.0,159.0,velo
image-1066.jpg,train,9.0,93.0,251.0,255.0,velo
image-153.jpg,train,2.0,139.0,86.0,246.0,velo_personne
image-449.jpg,train,77.0,24.0,249.0,245.0,velo_personne_casque
image-615.jpg,train,1.0,28.0,154.0,203.0,velo_personne
image-195.jpg,train,73.0,135.0,95.0,179.0,velo
image-962.jpg,train,6.0,48.0,208.0,246.0,velo_personne_casque
image-278.jpg,train,0.0,57.0,125.0,241.0,velo_personne
image-278.jpg,train,212.0,104.0,257.0,203.0,velo_personne
image-463.jpg,train,89.0,21.0,242.0,235.0,velo_personne_casque
image-121.jpg,train,52.0,17.0,151.0,204.0,velo
image-948.jpg,train,114.0,85.0,242.0,238.0,velo
image-948.jpg,train,16.0,85.0,165.0,239.0,velo
image-344.jpg,train,129.0,18.0,217.0,250.0,velo_personne_casque
image-974.jpg,train,62.0,98.0,252.0,247.0,velo
image-319.jpg,train,107.0,6.0,225.0,250.0,velo_personne_casque
image-680.jpg,train,21.0,31.0,186.0,255.0,velo_personne
image-584.jpg,train,60.0,97.0,123.0,256.0,velo_personne
image-806.jpg,train,5.0,83.0,75.0,117.0,velo
image-806.jpg,train,100.0,68.0,147.0,101.0,velo
image-806.jpg,train,191.0,46.0,218.0,75.0,velo
image-511.jpg,train,161.0,41.0,249.0,220.0,velo_personne_casque
image-511.jpg,train,21.0,42.0,97.0,227.0,velo_personne_casque
image-60.jpg,train,1.0,39.0,170.0,228.0,velo_personne_casque
image-467.jpg,train,20.0,29.0,96.0,200.0,velo_personne_casque
image-467.jpg,train,172.0,41.0,246.0,193.0,velo_personne_casque
image-211.jpg,train,-1.0,-1.0,-2.0,-2.0,rien
image-414.jpg,train,106.0,19.0,193.0,231.0,velo_personne_casque
image-339.jpg,train,2.0,46.0,127.0,254.0,velo_personne_casque
image-339.jpg,train,131.0,52.0,254.0,255.0,velo_personne_casque
image-371.jpg,train,1.0,4.0,166.0,257.0,velo_personne_casque
image-426.jpg,train,103.0,61.0,246.0,202.0,velo_personne_casque
image-426.jpg,train,1.0,55.0,128.0,226.0,velo_personne_casque
image-496.jpg,train,14.0,60.0,70.0,204.0,velo_personne_casque
image-496.jpg,train,66.0,53.0,125.0,215.0,velo_personne_casque
image-389.jpg,train,155.0,109.0,209.0,240.0,velo_personne_casque
image-884.jpg,train,32.0,53.0,215.0,215.0,velo
image-358.jpg,train,66.0,45.0,157.0,245.0,velo_personne_casque
image-500.jpg,train,132.0,82.0,185.0,214.0,velo_personne_casque
image-500.jpg,train,54.0,77.0,106.0,212.0,velo_personne_casque
image-740.jpg,train,118.0,44.0,255.0,237.0,velo_personne
image-740.jpg,train,1.0,74.0,126.0,212.0,velo_personne
image-556.jpg,train,161.0,130.0,256.0,227.0,velo_personne
image-1035.jpg,train,48.0,111.0,229.0,255.0,velo
image-27.jpg,train,3.0,29.0,57.0,114.0,velo_personne_casque
image-27.jpg,train,39.0,10.0,85.0,93.0,velo_personne_casque
image-27.jpg,train,90.0,35.0,149.0,126.0,velo_personne_casque
image-27.jpg,train,147.0,69.0,214.0,168.0,velo_personne
image-27.jpg,train,112.0,139.0,199.0,252.0,velo_personne_casque
image-1107.jpg,train,51.0,51.0,237.0,240.0,velo
image-609.jpg,train,64.0,78.0,198.0,238.0,velo_personne
image-85.jpg,train,94.0,23.0,187.0,252.0,velo_personne
image-981.jpg,train,38.0,166.0,85.0,219.0,velo_personne
image-118.jpg,train,46.0,125.0,135.0,209.0,velo
image-329.jpg,train,148.0,120.0,204.0,227.0,velo_personne_casque
image-365.jpg,train,123.0,125.0,184.0,249.0,velo_personne_casque
image-365.jpg,train,75.0,124.0,148.0,207.0,velo_personne_casque
image-365.jpg,train,211.0,122.0,251.0,207.0,velo_personne_casque
image-365.jpg,train,181.0,117.0,217.0,192.0,velo_personne_casque
image-649.jpg,train,137.0,67.0,196.0,210.0,velo_personne
image-649.jpg,train,93.0,101.0,125.0,173.0,velo_personne
image-641.jpg,train,6.0,109.0,93.0,246.0,velo_personne
image-641.jpg,train,90.0,111.0,147.0,246.0,velo_personne
image-1050.jpg,train,20.0,66.0,86.0,192.0,velo
image-1050.jpg,train,157.0,62.0,220.0,179.0,velo
image-1050.jpg,train,83.0,82.0,172.0,255.0,velo
image-952.jpg,train,59.0,16.0,235.0,201.0,velo
image-860.jpg,train,167.0,158.0,250.0,207.0,velo
image-658.jpg,train,139.0,53.0,254.0,217.0,velo_personne
image-658.jpg,train,77.0,61.0,184.0,198.0,velo_personne
image-900.jpg,train,108.0,80.0,160.0,217.0,velo_personne_casque
image-900.jpg,train,174.0,93.0,223.0,212.0,velo_personne_casque
image-900.jpg,train,235.0,94.0,254.0,183.0,velo_personne_casque
image-900.jpg,train,215.0,93.0,243.0,172.0,velo_personne_casque
image-732.jpg,train,0.0,105.0,93.0,238.0,velo_personne
image-732.jpg,train,128.0,102.0,256.0,240.0,velo_personne
image-586.jpg,train,31.0,125.0,137.0,248.0,velo_personne
image-343.jpg,train,195.0,129.0,250.0,254.0,velo_personne_casque
image-343.jpg,train,4.0,36.0,71.0,244.0,velo_personne_casque
image-839.jpg,train,132.0,86.0,211.0,212.0,velo
image-839.jpg,train,87.0,86.0,147.0,188.0,velo
image-512.jpg,train,64.0,38.0,251.0,229.0,velo_personne_casque
image-112.jpg,train,138.0,10.0,255.0,113.0,velo
image-514.jpg,train,2.0,21.0,212.0,252.0,velo_personne_casque
image-894.jpg,train,91.0,119.0,158.0,237.0,velo
image-791.jpg,train,36.0,118.0,83.0,191.0,velo
image-791.jpg,train,139.0,141.0,180.0,204.0,velo
image-791.jpg,train,181.0,141.0,254.0,210.0,velo
image-791.jpg,train,93.0,141.0,131.0,208.0,velo
image-226.jpg,train,8.0,97.0,84.0,257.0,velo_personne_casque
image-41.jpg,train,29.0,44.0,148.0,221.0,velo_personne_casque
image-41.jpg,train,138.0,33.0,217.0,152.0,velo_personne_casque
image-41.jpg,train,179.0,56.0,256.0,228.0,velo_personne_casque
image-41.jpg,train,206.0,1.0,254.0,98.0,velo_personne_casque
image-820.jpg,train,193.0,112.0,244.0,198.0,velo
image-820.jpg,train,151.0,105.0,193.0,192.0,velo
image-262.jpg,train,109.0,89.0,196.0,196.0,velo_personne_casque
image-490.jpg,train,60.0,81.0,120.0,242.0,velo_personne_casque
image-996.jpg,train,31.0,87.0,85.0,198.0,velo_personne_casque
image-996.jpg,train,89.0,65.0,156.0,231.0,velo_personne_casque
image-996.jpg,train,141.0,68.0,179.0,202.0,velo_personne_casque
image-33.jpg,train,57.0,48.0,196.0,197.0,velo_personne_casque
image-967.jpg,train,68.0,66.0,223.0,208.0,velo
image-411.jpg,train,99.0,35.0,196.0,254.0,velo_personne_casque
image-5.jpg,train,12.0,79.0,111.0,248.0,velo_personne
image-337.jpg,train,80.0,84.0,159.0,207.0,velo_personne_casque
image-337.jpg,train,203.0,91.0,254.0,206.0,velo_personne_casque
image-1048.jpg,train,14.0,120.0,51.0,202.0,velo_personne_casque
image-1048.jpg,train,134.0,51.0,201.0,217.0,velo_personne_casque
image-990.jpg,train,167.0,65.0,256.0,201.0,velo
image-990.jpg,train,78.0,65.0,167.0,169.0,velo
image-990.jpg,train,41.0,68.0,98.0,161.0,velo
image-576.jpg,train,87.0,1.0,255.0,255.0,velo_personne
image-688.jpg,train,74.0,51.0,217.0,201.0,velo_personne
image-298.jpg,train,98.0,94.0,153.0,226.0,velo_personne_casque
image-298.jpg,train,188.0,90.0,232.0,236.0,velo_personne_casque
image-157.jpg,train,203.0,73.0,255.0,173.0,velo_personne_casque
image-157.jpg,train,121.0,60.0,143.0,86.0,velo
image-157.jpg,train,80.0,77.0,103.0,107.0,velo
image-157.jpg,train,2.0,105.0,44.0,149.0,velo
image-660.jpg,train,73.0,67.0,226.0,225.0,velo_personne
image-828.jpg,train,-1.0,-1.0,-2.0,-2.0,rien
image-689.jpg,train,17.0,93.0,47.0,159.0,velo_personne
image-689.jpg,train,202.0,95.0,230.0,148.0,velo_personne
image-689.jpg,train,84.0,89.0,244.0,255.0,velo_personne
image-410.jpg,train,162.0,35.0,241.0,214.0,velo_personne
image-109.jpg,train,145.0,131.0,181.0,222.0,velo_personne
image-1056.jpg,train,20.0,98.0,53.0,158.0,velo_personne
image-934.jpg,train,24.0,104.0,43.0,151.0,velo_personne
image-934.jpg,train,50.0,111.0,78.0,175.0,velo_personne_casque
image-934.jpg,train,91.0,136.0,167.0,256.0,velo_personne_casque
image-312.jpg,train,126.0,16.0,212.0,229.0,velo_personne_casque
image-312.jpg,train,27.0,40.0,99.0,231.0,velo_personne_casque
image-522.jpg,train,35.0,76.0,146.0,187.0,velo_personne
image-869.jpg,train,60.0,168.0,91.0,224.0,velo_personne
image-686.jpg,train,10.0,59.0,91.0,254.0,velo_personne
image-405.jpg,train,45.0,34.0,163.0,245.0,velo_personne_casque
image-188.jpg,train,70.0,29.0,217.0,179.0,velo_personne
image-767.jpg,train,26.0,18.0,213.0,251.0,velo_personne_casque
image-767.jpg,train,7.0,51.0,82.0,108.0,velo
image-767.jpg,train,170.0,53.0,219.0,92.0,velo
image-1087.jpg,val,0.0,70.0,104.0,164.0,velo
image-1087.jpg,val,153.0,83.0,255.0,225.0,velo
image-1018.jpg,val,87.0,145.0,242.0,237.0,velo
image-1018.jpg,val,35.0,100.0,136.0,182.0,velo
image-351.jpg,val,15.0,9.0,246.0,244.0,velo_personne_casque
image-73.jpg,val,151.0,53.0,206.0,168.0,velo_personne_casque
image-675.jpg,val,53.0,65.0,198.0,200.0,velo_personne
image-675.jpg,val,140.0,69.0,249.0,191.0,velo_personne
image-745.jpg,val,0.0,53.0,147.0,223.0,velo_personne
image-684.jpg,val,59.0,51.0,219.0,243.0,velo_personne
image-913.jpg,val,193.0,83.0,245.0,196.0,velo
image-913.jpg,val,174.0,95.0,231.0,216.0,velo
image-367.jpg,val,79.0,44.0,252.0,223.0,velo_personne_casque
image-367.jpg,val,9.0,49.0,164.0,212.0,velo_personne_casque
image-498.jpg,val,13.0,37.0,218.0,243.0,velo_personne_casque
image-517.jpg,val,8.0,141.0,107.0,237.0,velo_personne
image-1052.jpg,val,109.0,80.0,255.0,238.0,velo
image-997.jpg,val,42.0,135.0,66.0,197.0,velo_personne
image-945.jpg,val,52.0,165.0,129.0,241.0,velo_personne
image-995.jpg,val,64.0,40.0,151.0,200.0,velo_personne_casque
image-775.jpg,val,119.0,65.0,217.0,177.0,velo_personne
image-832.jpg,val,5.0,52.0,77.0,213.0,velo_personne_casque
image-832.jpg,val,77.0,55.0,147.0,212.0,velo_personne_casque
image-832.jpg,val,164.0,47.0,229.0,208.0,velo_personne_casque
image-95.jpg,val,133.0,35.0,211.0,234.0,velo_personne_casque
image-501.jpg,val,79.0,6.0,181.0,240.0,velo_personne_casque
image-827.jpg,val,52.0,67.0,207.0,180.0,velo
image-752.jpg,val,118.0,77.0,249.0,205.0,velo_personne
image-216.jpg,val,58.0,103.0,135.0,214.0,velo_personne
image-216.jpg,val,119.0,115.0,194.0,255.0,velo_personne
image-503.jpg,val,175.0,103.0,219.0,231.0,velo_personne_casque
image-503.jpg,val,67.0,101.0,116.0,234.0,velo_personne_casque
image-794.jpg,val,-1.0,-1.0,-2.0,-2.0,rien
image-416.jpg,val,72.0,18.0,178.0,255.0,velo_personne_casque
image-903.jpg,val,173.0,91.0,254.0,200.0,velo
image-903.jpg,val,133.0,88.0,195.0,195.0,velo
image-903.jpg,val,23.0,73.0,115.0,187.0,velo
image-973.jpg,val,41.0,103.0,219.0,212.0,velo
image-16.jpg,val,11.0,20.0,94.0,249.0,velo_personne
image-16.jpg,val,119.0,20.0,219.0,225.0,velo_personne
image-215.jpg,val,167.0,138.0,242.0,255.0,velo
image-215.jpg,val,88.0,53.0,111.0,105.0,velo_personne_casque
image-215.jpg,val,177.0,63.0,199.0,104.0,velo_personne
image-215.jpg,val,221.0,65.0,236.0,96.0,velo_personne
image-215.jpg,val,236.0,81.0,254.0,117.0,velo
image-1082.jpg,val,103.0,82.0,131.0,186.0,velo_personne
image-1082.jpg,val,147.0,89.0,177.0,175.0,velo_personne
image-993.jpg,val,26.0,104.0,106.0,253.0,velo
image-317.jpg,val,129.0,17.0,249.0,240.0,velo_personne_casque
image-302.jpg,val,150.0,35.0,248.0,217.0,velo_personne_casque
image-302.jpg,val,1.0,20.0,93.0,215.0,velo_personne_casque
image-685.jpg,val,78.0,88.0,250.0,257.0,velo_personne
image-662.jpg,val,82.0,54.0,143.0,229.0,velo_personne
image-830.jpg,val,78.0,111.0,133.0,243.0,velo
image-830.jpg,val,160.0,104.0,206.0,222.0,velo
image-830.jpg,val,181.0,114.0,227.0,235.0,velo
image-222.jpg,val,13.0,33.0,54.0,88.0,velo_personne
image-786.jpg,val,23.0,147.0,58.0,193.0,velo
image-645.jpg,val,23.0,51.0,224.0,245.0,velo_personne
image-682.jpg,val,15.0,76.0,165.0,255.0,velo_personne
image-142.jpg,val,23.0,138.0,83.0,234.0,velo_personne
image-142.jpg,val,97.0,144.0,144.0,248.0,velo_personne
image-123.jpg,val,-1.0,-1.0,-2.0,-2.0,rien
image-1065.jpg,val,31.0,18.0,189.0,256.0,velo_personne_casque
image-1065.jpg,val,103.0,17.0,251.0,216.0,velo_personne_casque
image-363.jpg,val,137.0,79.0,211.0,255.0,velo_personne_casque
image-559.jpg,val,13.0,52.0,128.0,253.0,velo_personne
image-896.jpg,val,47.0,85.0,247.0,252.0,velo
image-253.jpg,val,138.0,41.0,255.0,231.0,velo_personne
image-253.jpg,val,79.0,39.0,122.0,139.0,velo_personne
image-673.jpg,val,1.0,36.0,169.0,247.0,velo_personne
image-567.jpg,val,107.0,64.0,170.0,241.0,velo_personne
image-328.jpg,val,159.0,89.0,195.0,187.0,velo_personne_casque
image-328.jpg,val,83.0,62.0,139.0,218.0,velo_personne_casque
image-106.jpg,val,195.0,133.0,232.0,175.0,velo
image-51.jpg,val,69.0,15.0,158.0,240.0,velo_personne_casque
image-249.jpg,val,-1.0,-1.0,-2.0,-2.0,rien
image-600.jpg,val,83.0,38.0,256.0,255.0,velo_personne
image-456.jpg,val,13.0,31.0,115.0,255.0,velo_personne_casque
image-456.jpg,val,131.0,26.0,245.0,236.0,velo_personne_casque
image-930.jpg,val,78.0,33.0,251.0,216.0,velo_personne_casque
image-930.jpg,val,33.0,47.0,176.0,207.0,velo_personne_casque
image-25.jpg,val,188.0,93.0,253.0,241.0,velo_personne_casque
image-421.jpg,val,1.0,49.0,65.0,222.0,velo_personne_casque
image-421.jpg,val,103.0,57.0,176.0,226.0,velo_personne_casque
image-421.jpg,val,159.0,55.0,218.0,214.0,velo_personne_casque
image-125.jpg,val,-1.0,-1.0,-2.0,-2.0,rien
image-889.jpg,val,81.0,118.0,162.0,214.0,velo
image-1093.jpg,val,154.0,115.0,230.0,202.0,velo_personne_casque
image-1093.jpg,val,87.0,111.0,156.0,203.0,velo_personne_casque
image-656.jpg,val,117.0,12.0,206.0,255.0,velo_personne
image-656.jpg,val,13.0,24.0,90.0,229.0,velo_personne
image-1074.jpg,val,11.0,117.0,132.0,252.0,velo_personne
image-881.jpg,val,49.0,42.0,212.0,204.0,velo
image-947.jpg,val,107.0,111.0,136.0,185.0,velo_personne
image-947.jpg,val,65.0,107.0,113.0,221.0,velo_personne_casque
image-947.jpg,val,156.0,98.0,205.0,218.0,velo_personne
image-283.jpg,val,22.0,53.0,75.0,174.0,velo_personne
image-283.jpg,val,100.0,72.0,123.0,125.0,velo_personne_casque
image-283.jpg,val,147.0,55.0,183.0,136.0,velo_personne
image-17.jpg,val,99.0,43.0,250.0,237.0,velo_personne
image-826.jpg,val,10.0,88.0,75.0,191.0,velo
image-826.jpg,val,178.0,91.0,216.0,179.0,velo
image-826.jpg,val,209.0,92.0,248.0,186.0,velo
image-288.jpg,val,6.0,87.0,79.0,252.0,velo_personne_casque
image-288.jpg,val,142.0,84.0,256.0,255.0,velo_personne
image-951.jpg,val,57.0,86.0,183.0,222.0,velo_personne_casque
image-213.jpg,val,-1.0,-1.0,-2.0,-2.0,rien
image-32.jpg,val,66.0,2.0,175.0,255.0,velo_personne_casque
image-475.jpg,val,93.0,27.0,239.0,256.0,velo_personne_casque
image-507.jpg,val,22.0,44.0,123.0,252.0,velo_personne_casque
image-507.jpg,val,157.0,73.0,252.0,219.0,velo_personne_casque
image-766.jpg,val,1.0,115.0,82.0,193.0,velo_personne_casque
image-766.jpg,val,113.0,86.0,234.0,202.0,velo_personne_casque
image-79.jpg,val,153.0,35.0,248.0,118.0,velo_personne
image-46.jpg,val,9.0,15.0,114.0,255.0,velo_personne_casque
image-548.jpg,val,35.0,79.0,80.0,184.0,velo_personne
image-548.jpg,val,182.0,69.0,254.0,253.0,velo_personne
image-219.jpg,val,78.0,9.0,255.0,198.0,velo_personne_casque
image-462.jpg,val,102.0,17.0,245.0,254.0,velo_personne_casque
image-138.jpg,val,133.0,75.0,176.0,154.0,velo_personne
image-1104.jpg,val,14.0,92.0,246.0,233.0,velo
image-886.jpg,val,55.0,144.0,190.0,227.0,velo
image-191.jpg,val,9.0,28.0,44.0,74.0,velo_personne
image-665.jpg,val,38.0,13.0,161.0,250.0,velo_personne
image-400.jpg,val,1.0,37.0,155.0,249.0,velo_personne_casque
image-400.jpg,val,108.0,79.0,255.0,232.0,velo_personne_casque
image-301.jpg,val,1.0,30.0,147.0,223.0,velo_personne_casque
image-301.jpg,val,123.0,32.0,254.0,209.0,velo_personne_casque
image-602.jpg,val,73.0,35.0,193.0,248.0,velo_personne
image-971.jpg,val,14.0,45.0,101.0,194.0,velo_personne_casque
image-971.jpg,val,110.0,21.0,197.0,217.0,velo_personne_casque
image-971.jpg,val,179.0,49.0,249.0,167.0,velo_personne_casque
image-937.jpg,val,63.0,63.0,111.0,154.0,velo
image-937.jpg,val,87.0,37.0,224.0,221.0,velo
image-847.jpg,val,5.0,30.0,161.0,205.0,velo
image-847.jpg,val,51.0,46.0,201.0,189.0,velo
image-847.jpg,val,140.0,60.0,223.0,174.0,velo
image-847.jpg,val,140.0,61.0,252.0,162.0,velo
image-165.jpg,val,-1.0,-1.0,-2.0,-2.0,rien
image-925.jpg,val,116.0,146.0,216.0,238.0,velo
image-925.jpg,val,6.0,151.0,108.0,235.0,velo
image-755.jpg,val,53.0,88.0,167.0,235.0,velo_personne
image-148.jpg,val,224.0,123.0,250.0,146.0,velo
image-148.jpg,val,27.0,153.0,73.0,181.0,velo
image-148.jpg,val,163.0,134.0,189.0,158.0,velo
image-148.jpg,val,88.0,148.0,129.0,171.0,velo
image-200.jpg,val,-1.0,-1.0,-2.0,-2.0,rien
image-322.jpg,val,139.0,11.0,196.0,250.0,velo_personne_casque
image-279.jpg,val,83.0,49.0,185.0,247.0,velo_personne
image-279.jpg,val,1.0,73.0,33.0,158.0,velo_personne_casque
image-674.jpg,test,82.0,53.0,173.0,255.0,velo_personne
image-674.jpg,test,192.0,95.0,250.0,237.0,velo_personne
image-1089.jpg,test,121.0,110.0,223.0,229.0,velo
image-919.jpg,test,0.0,117.0,105.0,220.0,velo_personne
image-919.jpg,test,135.0,117.0,256.0,241.0,velo_personne
image-374.jpg,test,97.0,24.0,200.0,255.0,velo_personne_casque
image-661.jpg,test,63.0,61.0,256.0,251.0,velo_personne
image-355.jpg,test,102.0,93.0,236.0,252.0,velo_personne_casque
image-448.jpg,test,104.0,62.0,154.0,223.0,velo_personne_casque
image-150.jpg,test,173.0,58.0,253.0,124.0,velo
image-150.jpg,test,20.0,89.0,119.0,212.0,velo_personne
image-150.jpg,test,4.0,20.0,71.0,80.0,velo
image-403.jpg,test,140.0,47.0,248.0,256.0,velo_personne_casque
image-1088.jpg,test,146.0,55.0,239.0,250.0,velo_personne_casque
image-1088.jpg,test,3.0,0.0,98.0,255.0,velo_personne_casque
image-963.jpg,test,17.0,6.0,170.0,176.0,velo
image-347.jpg,test,89.0,51.0,256.0,256.0,velo_personne_casque
image-347.jpg,test,1.0,93.0,72.0,252.0,velo_personne_casque
image-1054.jpg,test,81.0,94.0,117.0,131.0,velo_personne_casque
image-1054.jpg,test,174.0,99.0,202.0,125.0,velo_personne
image-1054.jpg,test,140.0,121.0,194.0,255.0,velo
image-1054.jpg,test,60.0,117.0,132.0,255.0,velo
image-342.jpg,test,136.0,97.0,244.0,229.0,velo_personne_casque
image-695.jpg,test,94.0,77.0,253.0,236.0,velo_personne
image-53.jpg,test,126.0,69.0,187.0,198.0,velo_personne_casque
image-518.jpg,test,63.0,101.0,144.0,252.0,velo_personne
image-131.jpg,test,-1.0,-1.0,-2.0,-2.0,rien
image-113.jpg,test,-1.0,-1.0,-2.0,-2.0,rien
image-159.jpg,test,108.0,74.0,169.0,155.0,velo_personne
image-712.jpg,test,81.0,124.0,164.0,204.0,velo_personne
image-252.jpg,test,39.0,91.0,93.0,208.0,velo_personne
image-634.jpg,test,17.0,44.0,73.0,189.0,velo_personne
image-634.jpg,test,90.0,76.0,139.0,189.0,velo_personne
image-958.jpg,test,28.0,48.0,144.0,186.0,velo
image-958.jpg,test,121.0,37.0,238.0,185.0,velo
image-812.jpg,test,-1.0,-1.0,-2.0,-2.0,rien
image-393.jpg,test,79.0,27.0,179.0,243.0,velo_personne_casque
image-650.jpg,test,49.0,64.0,128.0,235.0,velo_personne
image-231.jpg,test,4.0,4.0,127.0,80.0,velo
image-941.jpg,test,184.0,75.0,246.0,189.0,velo
image-941.jpg,test,58.0,49.0,214.0,258.0,velo
image-237.jpg,test,19.0,79.0,64.0,152.0,velo
image-237.jpg,test,67.0,69.0,156.0,148.0,velo
image-237.jpg,test,149.0,77.0,245.0,136.0,velo
image-214.jpg,test,45.0,185.0,122.0,240.0,velo
image-778.jpg,test,61.0,31.0,130.0,166.0,velo_personne
image-814.jpg,test,85.0,118.0,160.0,257.0,velo
image-814.jpg,test,131.0,90.0,153.0,136.0,velo
image-546.jpg,test,95.0,72.0,197.0,241.0,velo_personne
image-933.jpg,test,68.0,102.0,203.0,201.0,velo
image-723.jpg,test,88.0,88.0,159.0,255.0,velo_personne
image-723.jpg,test,161.0,85.0,242.0,253.0,velo_personne
image-589.jpg,test,121.0,113.0,177.0,256.0,velo_personne
image-589.jpg,test,66.0,135.0,102.0,230.0,velo_personne
image-858.jpg,test,9.0,135.0,178.0,220.0,velo
image-230.jpg,test,-1.0,-1.0,-2.0,-2.0,rien
image-580.jpg,test,112.0,91.0,178.0,206.0,velo_personne
image-580.jpg,test,197.0,95.0,255.0,210.0,velo_personne
image-956.jpg,test,8.0,94.0,192.0,216.0,velo
image-956.jpg,test,27.0,87.0,224.0,211.0,velo
image-1085.jpg,test,82.0,95.0,126.0,206.0,velo_personne_casque
image-1085.jpg,test,140.0,95.0,183.0,199.0,velo_personne_casque
image-1085.jpg,test,105.0,120.0,154.0,238.0,velo_personne_casque
image-702.jpg,test,78.0,80.0,137.0,255.0,velo_personne
image-702.jpg,test,191.0,77.0,250.0,239.0,velo_personne
image-383.jpg,test,45.0,37.0,224.0,236.0,velo_personne_casque
image-798.jpg,test,10.0,107.0,213.0,255.0,velo
image-798.jpg,test,9.0,53.0,39.0,74.0,velo
image-798.jpg,test,44.0,55.0,63.0,77.0,velo
image-348.jpg,test,10.0,32.0,235.0,254.0,velo_personne_casque
image-701.jpg,test,74.0,42.0,217.0,255.0,velo_personne
image-1069.jpg,test,208.0,95.0,251.0,194.0,velo_personne_casque
image-1069.jpg,test,118.0,68.0,172.0,195.0,velo_personne_casque
image-1069.jpg,test,13.0,47.0,87.0,196.0,velo_personne_casque
image-1003.jpg,test,68.0,53.0,193.0,215.0,velo
image-1003.jpg,test,1.0,57.0,112.0,162.0,velo
image-901.jpg,test,1.0,121.0,63.0,171.0,velo
image-901.jpg,test,65.0,115.0,152.0,171.0,velo
image-901.jpg,test,165.0,111.0,255.0,174.0,velo
image-693.jpg,test,75.0,75.0,150.0,192.0,velo_personne
image-693.jpg,test,172.0,60.0,229.0,197.0,velo_personne
image-441.jpg,test,76.0,68.0,220.0,255.0,velo_personne_casque
image-875.jpg,test,1.0,1.0,113.0,131.0,velo
image-875.jpg,test,103.0,19.0,255.0,194.0,velo
image-277.jpg,test,134.0,37.0,202.0,225.0,velo_personne
image-277.jpg,test,54.0,58.0,121.0,225.0,velo_personne
image-277.jpg,test,105.0,91.0,139.0,200.0,velo_personne_casque
image-1090.jpg,test,79.0,100.0,227.0,249.0,velo
image-1090.jpg,test,20.0,108.0,163.0,251.0,velo
image-225.jpg,test,168.0,90.0,226.0,151.0,velo_personne_casque
image-225.jpg,test,65.0,96.0,92.0,129.0,velo_personne
image-795.jpg,test,-1.0,-1.0,-2.0,-2.0,rien
image-447.jpg,test,33.0,3.0,219.0,252.0,velo_personne_casque
image-722.jpg,test,15.0,67.0,136.0,238.0,velo_personne
image-50.jpg,test,118.0,57.0,170.0,220.0,velo_personne_casque
image-924.jpg,test,2.0,110.0,217.0,234.0,velo
image-266.jpg,test,61.0,30.0,133.0,255.0,velo_personne
image-266.jpg,test,160.0,21.0,253.0,258.0,velo_personne
image-80.jpg,test,86.0,69.0,163.0,256.0,velo_personne_casque
image-80.jpg,test,1.0,70.0,57.0,224.0,velo_personne_casque
image-912.jpg,test,140.0,106.0,187.0,194.0,velo
image-912.jpg,test,30.0,95.0,154.0,256.0,velo
image-437.jpg,test,1.0,64.0,130.0,215.0,velo_personne_casque
image-523.jpg,test,70.0,22.0,162.0,254.0,velo_personne
image-874.jpg,test,15.0,44.0,176.0,242.0,velo
image-763.jpg,test,115.0,0.0,198.0,64.0,velo
image-763.jpg,test,1.0,108.0,131.0,255.0,velo_personne_casque
image-626.jpg,test,97.0,72.0,158.0,241.0,velo_personne
image-626.jpg,test,177.0,65.0,237.0,247.0,velo_personne
image-29.jpg,test,95.0,45.0,235.0,206.0,velo_personne
image-513.jpg,test,2.0,26.0,196.0,232.0,velo_personne_casque
image-610.jpg,test,121.0,88.0,220.0,184.0,velo_personne
image-610.jpg,test,0.0,131.0,67.0,176.0,velo
image-850.jpg,test,38.0,81.0,126.0,205.0,velo
image-850.jpg,test,114.0,89.0,201.0,198.0,velo
image-850.jpg,test,148.0,75.0,245.0,187.0,velo
image-116.jpg,test,-1.0,-1.0,-2.0,-2.0,rien
image-147.jpg,test,129.0,86.0,172.0,119.0,velo
image-147.jpg,test,12.0,88.0,59.0,115.0,velo
image-147.jpg,test,34.0,62.0,164.0,240.0,velo_personne
image-35.jpg,test,77.0,108.0,127.0,235.0,velo_personne
image-35.jpg,test,207.0,110.0,250.0,229.0,velo_personne_casque
image-35.jpg,test,156.0,141.0,178.0,201.0,velo_personne
image-1046.jpg,test,102.0,73.0,256.0,235.0,velo_personne_casque
image-1046.jpg,test,1.0,95.0,103.0,214.0,velo_personne_casque
image-554.jpg,test,66.0,113.0,163.0,255.0,velo_personne
image-756.jpg,test,59.0,8.0,104.0,119.0,velo_personne
image-282.jpg,test,0.0,71.0,113.0,190.0,velo_personne
image-282.jpg,test,186.0,72.0,255.0,170.0,velo_personne_casque
image-20.jpg,test,12.0,28.0,149.0,249.0,velo_personne
image-543.jpg,test,42.0,4.0,151.0,251.0,velo_personne
image-331.jpg,test,67.0,20.0,252.0,210.0,velo_personne_casque
image-248.jpg,test,-1.0,-1.0,-2.0,-2.0,rien
image-866.jpg,test,116.0,76.0,252.0,197.0,velo
image-179.jpg,test,37.0,52.0,52.0,79.0,velo_personne_casque
image-436.jpg,test,63.0,57.0,226.0,234.0,velo_personne_casque
image-646.jpg,test,89.0,89.0,196.0,194.0,velo_personne
image-458.jpg,test,58.0,40.0,232.0,221.0,velo_personne_casque
image-515.jpg,test,54.0,40.0,252.0,233.0,velo_personne
image-376.jpg,test,149.0,4.0,242.0,255.0,velo_personne_casque
image-725.jpg,test,77.0,68.0,143.0,217.0,velo_personne
image-26.jpg,test,42.0,3.0,214.0,255.0,velo_personne
image-114.jpg,test,120.0,131.0,189.0,213.0,velo_personne
image-972.jpg,test,95.0,55.0,255.0,238.0,velo_personne_casque
image-1036.jpg,test,9.0,79.0,121.0,247.0,velo
image-1036.jpg,test,77.0,68.0,179.0,207.0,velo
image-356.jpg,test,160.0,85.0,233.0,226.0,velo_personne_casque
image-356.jpg,test,95.0,88.0,158.0,218.0,velo_personne_casque
image-356.jpg,test,39.0,87.0,87.0,210.0,velo_personne_casque
image-1095.jpg,test,80.0,23.0,196.0,153.0,velo
image-921.jpg,test,59.0,32.0,184.0,251.0,velo_personne_casque
image-921.jpg,test,10.0,33.0,85.0,210.0,velo_personne_casque
image-1071.jpg,test,0.0,108.0,85.0,219.0,velo_personne_casque
image-1071.jpg,test,102.0,46.0,255.0,243.0,velo_personne_casque
